"Time","yolo-server-6b58946cb4-5922k / default / PKG","yolo-server-99847bd7d-pfn7h / default / PKG","yolo-server-6b58946cb4-5922k / default / DRAM","yolo-server-99847bd7d-pfn7h / default / DRAM","yolo-server-6b58946cb4-5922k / default / OTHER","yolo-server-99847bd7d-pfn7h / default / OTHER","yolo-server-6b58946cb4-5922k / default / GPU","yolo-server-99847bd7d-pfn7h / default / GPU"
2024-08-07 20:36:20,,0.191,,0,,0,,0
2024-08-07 20:36:30,,0.191,,0,,0,,0
2024-08-07 20:36:40,,0.121,,0,,0,,0
2024-08-07 20:36:50,,0.121,,0,,0,,0
2024-08-07 20:37:00,,0.121,,0,,0,,0
2024-08-07 20:37:10,,0.179,,0,,0,,0
2024-08-07 20:37:20,,0.179,,0,,0,,0
2024-08-07 20:37:30,,0.179,,0,,0,,0
2024-08-07 20:37:40,,0.143,,0,,0,,0
2024-08-07 20:37:50,,0.143,,0,,0,,0
2024-08-07 20:38:00,,0.143,,0,,0,,0
2024-08-07 20:38:10,,0.103,,0,,0,,0
2024-08-07 20:38:20,,0.103,,0,,0,,0
2024-08-07 20:38:30,,0.103,,0,,0,,0
2024-08-07 20:38:40,,0.165,,0,,0,,0
2024-08-07 20:38:50,,0.165,,0,,0,,0
2024-08-07 20:39:00,,0.165,,0,,0,,0
2024-08-07 20:39:10,,0.126,,0,,0,,0
2024-08-07 20:39:20,,0.126,,0,,0,,0
2024-08-07 20:39:30,,0.126,,0,,0,,0
2024-08-07 20:39:40,,0.0791,,0,,0,,0
2024-08-07 20:39:50,,0.0791,,0,,0,,0
2024-08-07 20:40:00,,0.0791,,0,,0,,0
2024-08-07 20:40:10,,0.140,,0,,0,,0
2024-08-07 20:40:20,,0.140,,0,,0,,0
2024-08-07 20:40:30,,0.140,,0,,0,,0
2024-08-07 20:40:40,,0.146,,0,,0,,0
2024-08-07 20:40:50,,0.146,,0,,0,,0
2024-08-07 20:41:00,,0.146,,0,,0,,0
2024-08-07 20:41:10,,0.129,,0,,0,,0
2024-08-07 20:41:20,,0.129,,0,,0,,0
2024-08-07 20:41:30,,0.129,,0,,0,,0
2024-08-07 20:41:40,,0.0990,,0,,0,,0
2024-08-07 20:41:50,,0.0990,,0,,0,,0
2024-08-07 20:42:00,,0.0990,,0,,0,,0
2024-08-07 20:42:10,,0.105,,0,,0,,0
2024-08-07 20:42:20,,0.105,,0,,0,,0
2024-08-07 20:42:30,,0.105,,0,,0,,0
2024-08-07 20:42:40,,2.22,,0,,0,,0
2024-08-07 20:42:50,,2.22,,0,,0,,0
2024-08-07 20:43:00,,2.22,,0,,0,,0
2024-08-07 20:43:10,,5.27,,0,,0,,0
2024-08-07 20:43:20,,5.27,,0,,0,,0
2024-08-07 20:43:30,,5.27,,0,,0,,0
2024-08-07 20:43:40,,5.50,,0,,0,,0
2024-08-07 20:43:50,,5.50,,0,,0,,0
2024-08-07 20:44:00,,5.50,,0,,0,,0
2024-08-07 20:44:10,,5.19,,0,,0,,0
2024-08-07 20:44:20,,5.19,,0,,0,,0
2024-08-07 20:44:30,,5.19,,0,,0,,0
2024-08-07 20:44:40,,5.94,,0,,0,,0
2024-08-07 20:44:50,,5.94,,0,,0,,0
2024-08-07 20:45:00,,5.94,,0,,0,,0
2024-08-07 20:45:10,,5.17,,0,,0,,0
2024-08-07 20:45:20,,5.17,,0,,0,,0
2024-08-07 20:45:30,,5.17,,0,,0,,0
2024-08-07 20:45:40,,5.38,,0,,0,,0
2024-08-07 20:45:50,,5.38,,0,,0,,0
2024-08-07 20:46:00,,5.38,,0,,0,,0
2024-08-07 20:46:10,,5.48,,0,,0,,0
2024-08-07 20:46:20,,5.48,,0,,0,,0
2024-08-07 20:46:30,,5.48,,0,,0,,0
2024-08-07 20:46:40,,5.45,,0,,0,,0
2024-08-07 20:46:50,,5.45,,0,,0,,0
2024-08-07 20:47:00,,5.45,,0,,0,,0
2024-08-07 20:47:10,,5.92,,0,,0,,0
2024-08-07 20:47:20,,5.92,,0,,0,,0
2024-08-07 20:47:30,,5.92,,0,,0,,0
2024-08-07 20:47:40,,5.65,,0,,0,,0
2024-08-07 20:47:50,,5.65,,0,,0,,0
2024-08-07 20:48:00,,5.65,,0,,0,,0
2024-08-07 20:48:10,,5.63,,0,,0,,0
2024-08-07 20:48:20,,5.63,,0,,0,,0
2024-08-07 20:48:30,,5.63,,0,,0,,0
2024-08-07 20:48:40,,5.29,,0,,0,,0
2024-08-07 20:48:50,,5.29,,0,,0,,0
2024-08-07 20:49:00,,5.29,,0,,0,,0
2024-08-07 20:49:10,,5.46,,0,,0,,0
2024-08-07 20:49:20,,5.46,,0,,0,,0
2024-08-07 20:49:30,,5.46,,0,,0,,0
2024-08-07 20:49:40,,5.56,,0,,0,,0
2024-08-07 20:49:50,,5.56,,0,,0,,0
2024-08-07 20:50:00,,5.56,,0,,0,,0
2024-08-07 20:50:10,,5.79,,0,,0,,0
2024-08-07 20:50:20,,5.79,,0,,0,,0
2024-08-07 20:50:30,,5.79,,0,,0,,0
2024-08-07 20:50:40,,5.35,,0,,0,,0
2024-08-07 20:50:50,,5.35,,0,,0,,0
2024-08-07 20:51:00,,5.35,,0,,0,,0
2024-08-07 20:51:10,,4.90,,0,,0,,0
2024-08-07 20:51:20,,4.90,,0,,0,,0
2024-08-07 20:51:30,,4.90,,0,,0,,0
2024-08-07 20:51:40,,5.47,,0,,0,,0
2024-08-07 20:51:50,,5.47,,0,,0,,0
2024-08-07 20:52:00,,5.47,,0,,0,,0
2024-08-07 20:52:10,,5.53,,0,,0,,0
2024-08-07 20:52:20,,5.53,,0,,0,,0
2024-08-07 20:52:30,,5.53,,0,,0,,0
2024-08-07 20:52:40,,3.25,,0,,0,,0
2024-08-07 20:52:50,,3.25,,0,,0,,0
2024-08-07 20:53:00,,3.25,,0,,0,,0
2024-08-07 20:53:10,,0,,0,,0,,0
2024-08-07 20:53:20,,0,,0,,0,,0
2024-08-07 20:53:30,,0,,0,,0,,0
2024-08-07 20:53:40,,0,,0,,0,,0
2024-08-07 20:53:50,,0,,0,,0,,0
2024-08-07 20:54:00,,0,,0,,0,,0
2024-08-07 20:54:10,,0,,0,,0,,0
2024-08-07 20:54:20,,0,,0,,0,,0
2024-08-07 20:54:30,,0,,0,,0,,0
2024-08-07 20:54:40,,0,,0,,0,,0
2024-08-07 20:54:50,,0,,0,,0,,0
2024-08-07 20:55:00,,0,,0,,0,,0
2024-08-07 20:55:10,,0,,0,,0,,0
2024-08-07 20:55:20,,0,,0,,0,,0
2024-08-07 20:55:30,,0,,0,,0,,0
2024-08-07 20:55:40,,3.58,,0,,0,,0
2024-08-07 20:55:50,,3.58,,0,,0,,0
2024-08-07 20:56:00,,3.58,,0,,0,,0
2024-08-07 20:56:10,,9.26,,0,,0,,0
2024-08-07 20:56:20,,9.26,,0,,0,,0
2024-08-07 20:56:30,,9.26,,0,,0,,0
2024-08-07 20:56:40,,9.30,,0,,0,,0
2024-08-07 20:56:50,,9.30,,0,,0,,0
2024-08-07 20:57:00,,9.30,,0,,0,,0
2024-08-07 20:57:10,,9.42,,0,,0,,0
2024-08-07 20:57:20,,9.42,,0,,0,,0
2024-08-07 20:57:30,,9.42,,0,,0,,0
2024-08-07 20:57:40,,9.55,,0,,0,,0
2024-08-07 20:57:50,,9.55,,0,,0,,0
2024-08-07 20:58:00,,9.55,,0,,0,,0
2024-08-07 20:58:10,,9.58,,0,,0,,0
2024-08-07 20:58:20,,9.58,,0,,0,,0
2024-08-07 20:58:30,,9.58,,0,,0,,0
2024-08-07 20:58:40,,9.74,,0,,0,,0
2024-08-07 20:58:50,,9.74,,0,,0,,0
2024-08-07 20:59:00,,9.74,,0,,0,,0
2024-08-07 20:59:10,,9.38,,0,,0,,0
2024-08-07 20:59:20,,9.38,,0,,0,,0
2024-08-07 20:59:30,,9.38,,0,,0,,0
2024-08-07 20:59:40,,9.72,,0,,0,,0
2024-08-07 20:59:50,,9.72,,0,,0,,0
2024-08-07 21:00:00,,9.72,,0,,0,,0
2024-08-07 21:00:10,,9.68,,0,,0,,0
2024-08-07 21:00:20,,9.68,,0,,0,,0
2024-08-07 21:00:30,,9.68,,0,,0,,0
2024-08-07 21:00:40,,9.85,,0,,0,,0
2024-08-07 21:00:50,,9.85,,0,,0,,0
2024-08-07 21:01:00,,9.85,,0,,0,,0
2024-08-07 21:01:10,,10.2,,0,,0,,0
2024-08-07 21:01:20,,10.2,,0,,0,,0
2024-08-07 21:01:30,,10.2,,0,,0,,0
2024-08-07 21:01:40,,9.67,,0,,0,,0
2024-08-07 21:01:50,,9.67,,0,,0,,0
2024-08-07 21:02:00,,9.67,,0,,0,,0
2024-08-07 21:02:10,,9.44,,0,,0,,0
2024-08-07 21:02:20,,9.44,,0,,0,,0
2024-08-07 21:02:30,,9.44,,0,,0,,0
2024-08-07 21:02:40,,9.42,,0,,0,,0
2024-08-07 21:02:50,,9.42,,0,,0,,0
2024-08-07 21:03:00,,9.42,,0,,0,,0
2024-08-07 21:03:10,,10.3,,0,,0,,0
2024-08-07 21:03:20,,10.3,,0,,0,,0
2024-08-07 21:03:30,,10.3,,0,,0,,0
2024-08-07 21:03:40,,9.71,,0,,0,,0
2024-08-07 21:03:50,,9.71,,0,,0,,0
2024-08-07 21:04:00,,9.71,,0,,0,,0
2024-08-07 21:04:10,,9.94,,0,,0,,0
2024-08-07 21:04:20,,9.94,,0,,0,,0
2024-08-07 21:04:30,,9.94,,0,,0,,0
2024-08-07 21:04:40,,9.32,,0,,0,,0
2024-08-07 21:04:50,,9.32,,0,,0,,0
2024-08-07 21:05:00,,9.32,,0,,0,,0
2024-08-07 21:05:10,,9.79,,0,,0,,0
2024-08-07 21:05:20,,9.79,,0,,0,,0
2024-08-07 21:05:30,,9.79,,0,,0,,0
2024-08-07 21:05:40,,6.35,,0,,0,,0
2024-08-07 21:05:50,,6.35,,0,,0,,0
2024-08-07 21:06:00,,6.35,,0,,0,,0
2024-08-07 21:06:10,,0.100,,0,,0,,0
2024-08-07 21:06:20,,0.100,,0,,0,,0
2024-08-07 21:06:30,,0.100,,0,,0,,0
2024-08-07 21:06:40,,0.177,,0,,0,,0
2024-08-07 21:06:50,,0.177,,0,,0,,0
2024-08-07 21:07:00,,0.177,,0,,0,,0
2024-08-07 21:07:10,,0.0609,,0,,0,,0
2024-08-07 21:07:20,,0.0609,,0,,0,,0
2024-08-07 21:07:30,,0.0609,,0,,0,,0
2024-08-07 21:07:40,,0.202,,0,,0,,0
2024-08-07 21:07:50,,0.202,,0,,0,,0
2024-08-07 21:08:00,,0.202,,0,,0,,0
2024-08-07 21:08:10,,0.238,,0,,0,,0
2024-08-07 21:08:20,,0.238,,0,,0,,0
2024-08-07 21:08:30,,0.238,,0,,0,,0
2024-08-07 21:08:40,,5.53,,0,,0,,0
2024-08-07 21:08:50,,5.53,,0,,0,,0
2024-08-07 21:09:00,,5.53,,0,,0,,0
2024-08-07 21:09:10,,13.7,,0,,0,,0
2024-08-07 21:09:20,,13.7,,0,,0,,0
2024-08-07 21:09:30,,13.7,,0,,0,,0
2024-08-07 21:09:40,,13.1,,0,,0,,0
2024-08-07 21:09:50,,13.1,,0,,0,,0
2024-08-07 21:10:00,,13.1,,0,,0,,0
2024-08-07 21:10:10,,13.9,,0,,0,,0
2024-08-07 21:10:20,,13.9,,0,,0,,0
2024-08-07 21:10:30,,13.9,,0,,0,,0
2024-08-07 21:10:40,,13.8,,0,,0,,0
2024-08-07 21:10:50,,13.8,,0,,0,,0
2024-08-07 21:11:00,,13.8,,0,,0,,0
2024-08-07 21:11:10,,14.4,,0,,0,,0
2024-08-07 21:11:20,,14.4,,0,,0,,0
2024-08-07 21:11:30,,14.4,,0,,0,,0
2024-08-07 21:11:40,,13.3,,0,,0,,0
2024-08-07 21:11:50,,13.3,,0,,0,,0
2024-08-07 21:12:00,,13.3,,0,,0,,0
2024-08-07 21:12:10,,14.9,,0,,0,,0
2024-08-07 21:12:20,,14.9,,0,,0,,0
2024-08-07 21:12:30,,14.9,,0,,0,,0
2024-08-07 21:12:40,,13.8,,0,,0,,0
2024-08-07 21:12:50,,13.8,,0,,0,,0
2024-08-07 21:13:00,,13.8,,0,,0,,0
2024-08-07 21:13:10,,14.4,,0,,0,,0
2024-08-07 21:13:20,,14.4,,0,,0,,0
2024-08-07 21:13:30,,14.4,,0,,0,,0
2024-08-07 21:13:40,,14.3,,0,,0,,0
2024-08-07 21:13:50,,14.3,,0,,0,,0
2024-08-07 21:14:00,,14.3,,0,,0,,0
2024-08-07 21:14:10,,13.8,,0,,0,,0
2024-08-07 21:14:20,,13.8,,0,,0,,0
2024-08-07 21:14:30,,13.8,,0,,0,,0
2024-08-07 21:14:40,,14.4,,0,,0,,0
2024-08-07 21:14:50,,14.4,,0,,0,,0
2024-08-07 21:15:00,,14.4,,0,,0,,0
2024-08-07 21:15:10,,13.9,,0,,0,,0
2024-08-07 21:15:20,,13.9,,0,,0,,0
2024-08-07 21:15:30,,13.9,,0,,0,,0
2024-08-07 21:15:40,,14.4,,0,,0,,0
2024-08-07 21:15:50,,14.4,,0,,0,,0
2024-08-07 21:16:00,,14.4,,0,,0,,0
2024-08-07 21:16:10,,13.8,,0,,0,,0
2024-08-07 21:16:20,,13.8,,0,,0,,0
2024-08-07 21:16:30,,13.8,,0,,0,,0
2024-08-07 21:16:40,,14.1,,0,,0,,0
2024-08-07 21:16:50,,14.1,,0,,0,,0
2024-08-07 21:17:00,,14.1,,0,,0,,0
2024-08-07 21:17:10,,14.0,,0,,0,,0
2024-08-07 21:17:20,,14.0,,0,,0,,0
2024-08-07 21:17:30,,14.0,,0,,0,,0
2024-08-07 21:17:40,,13.9,,0,,0,,0
2024-08-07 21:17:50,,13.9,,0,,0,,0
2024-08-07 21:18:00,,13.9,,0,,0,,0
2024-08-07 21:18:10,,14.2,,0,,0,,0
2024-08-07 21:18:20,,14.2,,0,,0,,0
2024-08-07 21:18:30,,14.2,,0,,0,,0
2024-08-07 21:18:40,,8.82,,0,,0,,0
2024-08-07 21:18:50,,8.82,,0,,0,,0
2024-08-07 21:19:00,,8.82,,0,,0,,0
2024-08-07 21:19:10,,0.213,,0,,0,,0
2024-08-07 21:19:20,,0.213,,0,,0,,0
2024-08-07 21:19:30,,0.213,,0,,0,,0
2024-08-07 21:19:40,,0.0717,,0,,0,,0
2024-08-07 21:19:50,,0.0717,,0,,0,,0
2024-08-07 21:20:00,,0.0717,,0,,0,,0
2024-08-07 21:20:10,,0,,0,,0,,0
2024-08-07 21:20:20,,0,,0,,0,,0
2024-08-07 21:20:30,,0,,0,,0,,0
2024-08-07 21:20:40,,0,,0,,0,,0
2024-08-07 21:20:50,,0,,0,,0,,0
2024-08-07 21:21:00,,0,,0,,0,,0
2024-08-07 21:21:10,,0,,0,,0,,0
2024-08-07 21:21:20,,0,,0,,0,,0
2024-08-07 21:21:30,,0,,0,,0,,0
2024-08-07 21:21:40,,6.80,,0,,0,,0
2024-08-07 21:21:50,,6.80,,0,,0,,0
2024-08-07 21:22:00,,6.80,,0,,0,,0
2024-08-07 21:22:10,,17.6,,0,,0,,0
2024-08-07 21:22:20,,17.6,,0,,0,,0
2024-08-07 21:22:30,,17.6,,0,,0,,0
2024-08-07 21:22:40,,18.0,,0,,0,,0
2024-08-07 21:22:50,,18.0,,0,,0,,0
2024-08-07 21:23:00,,18.0,,0,,0,,0
2024-08-07 21:23:10,,17.6,,0,,0,,0
2024-08-07 21:23:20,,17.6,,0,,0,,0
2024-08-07 21:23:30,,17.6,,0,,0,,0
2024-08-07 21:23:40,,18.7,,0,,0,,0
2024-08-07 21:23:50,,18.7,,0,,0,,0
2024-08-07 21:24:00,,18.7,,0,,0,,0
2024-08-07 21:24:10,,18.1,,0,,0,,0
2024-08-07 21:24:20,,18.1,,0,,0,,0
2024-08-07 21:24:30,,18.1,,0,,0,,0
2024-08-07 21:24:40,,18.8,,0,,0,,0
2024-08-07 21:24:50,,18.8,,0,,0,,0
2024-08-07 21:25:00,,18.8,,0,,0,,0
2024-08-07 21:25:10,,18.6,,0,,0,,0
2024-08-07 21:25:20,,18.6,,0,,0,,0
2024-08-07 21:25:30,,18.6,,0,,0,,0
2024-08-07 21:25:40,,19.6,,0,,0,,0
2024-08-07 21:25:50,,19.6,,0,,0,,0
2024-08-07 21:26:00,,19.6,,0,,0,,0
2024-08-07 21:26:10,,19.3,,0,,0,,0
2024-08-07 21:26:20,,19.3,,0,,0,,0
2024-08-07 21:26:30,,19.3,,0,,0,,0
2024-08-07 21:26:40,,19.1,,0,,0,,0
2024-08-07 21:26:50,,19.1,,0,,0,,0
2024-08-07 21:27:00,,19.1,,0,,0,,0
2024-08-07 21:27:10,,19.8,,0,,0,,0
2024-08-07 21:27:20,,19.8,,0,,0,,0
2024-08-07 21:27:30,,19.8,,0,,0,,0
2024-08-07 21:27:40,,19.5,,0,,0,,0
2024-08-07 21:27:50,,19.5,,0,,0,,0
2024-08-07 21:28:00,,19.5,,0,,0,,0
2024-08-07 21:28:10,,18.8,,0,,0,,0
2024-08-07 21:28:20,,18.8,,0,,0,,0
2024-08-07 21:28:30,,18.8,,0,,0,,0
2024-08-07 21:28:40,,18.7,,0,,0,,0
2024-08-07 21:28:50,,18.7,,0,,0,,0
2024-08-07 21:29:00,,18.7,,0,,0,,0
2024-08-07 21:29:10,,19.6,,0,,0,,0
2024-08-07 21:29:20,,19.6,,0,,0,,0
2024-08-07 21:29:30,,19.6,,0,,0,,0
2024-08-07 21:29:40,,18.8,,0,,0,,0
2024-08-07 21:29:50,,18.8,,0,,0,,0
2024-08-07 21:30:00,,18.8,,0,,0,,0
2024-08-07 21:30:10,,19.1,,0,,0,,0
2024-08-07 21:30:20,,19.1,,0,,0,,0
2024-08-07 21:30:30,,19.1,,0,,0,,0
2024-08-07 21:30:40,,19.6,,0,,0,,0
2024-08-07 21:30:50,,19.6,,0,,0,,0
2024-08-07 21:31:00,,19.6,,0,,0,,0
2024-08-07 21:31:10,,19.8,,0,,0,,0
2024-08-07 21:31:20,,19.8,,0,,0,,0
2024-08-07 21:31:30,,19.8,,0,,0,,0
2024-08-07 21:31:40,,12.6,,0,,0,,0
2024-08-07 21:31:50,,12.6,,0,,0,,0
2024-08-07 21:32:00,,12.6,,0,,0,,0
2024-08-07 21:32:10,,0.0435,,0,,0,,0
2024-08-07 21:32:20,,0.0435,,0,,0,,0
2024-08-07 21:32:30,,0.0435,,0,,0,,0
2024-08-07 21:32:40,,0,,0,,0,,0
2024-08-07 21:32:50,,0,,0,,0,,0
2024-08-07 21:33:00,,0,,0,,0,,0
2024-08-07 21:33:10,,0.0861,,0,,0,,0
2024-08-07 21:33:20,,0.0861,,0,,0,,0
2024-08-07 21:33:30,,0.0861,,0,,0,,0
2024-08-07 21:33:40,,0,,0,,0,,0
2024-08-07 21:33:50,,0,,0,,0,,0
2024-08-07 21:34:00,,0,,0,,0,,0
2024-08-07 21:34:10,,0.0536,,0,,0,,0
2024-08-07 21:34:20,,0.0536,,0,,0,,0
2024-08-07 21:34:30,,0.0536,,0,,0,,0
2024-08-07 21:34:40,,7.16,,0,,0,,0
2024-08-07 21:34:50,,7.16,,0,,0,,0
2024-08-07 21:35:00,,7.16,,0,,0,,0
2024-08-07 21:35:10,,22.4,,0,,0,,0
2024-08-07 21:35:20,,22.4,,0,,0,,0
2024-08-07 21:35:30,,22.4,,0,,0,,0
2024-08-07 21:35:40,,22.3,,0,,0,,0
2024-08-07 21:35:50,,22.3,,0,,0,,0
2024-08-07 21:36:00,,22.3,,0,,0,,0
2024-08-07 21:36:10,,23.2,,0,,0,,0
2024-08-07 21:36:20,,23.2,,0,,0,,0
2024-08-07 21:36:30,,23.2,,0,,0,,0
2024-08-07 21:36:40,,22.3,,0,,0,,0
2024-08-07 21:36:50,,22.3,,0,,0,,0
2024-08-07 21:37:00,,22.3,,0,,0,,0
2024-08-07 21:37:10,,22.7,,0,,0,,0
2024-08-07 21:37:20,,22.7,,0,,0,,0
2024-08-07 21:37:30,,22.7,,0,,0,,0
2024-08-07 21:37:40,,23.1,,0,,0,,0
2024-08-07 21:37:50,,23.1,,0,,0,,0
2024-08-07 21:38:00,,23.1,,0,,0,,0
2024-08-07 21:38:10,,22.8,,0,,0,,0
2024-08-07 21:38:20,,22.8,,0,,0,,0
2024-08-07 21:38:30,,22.8,,0,,0,,0
2024-08-07 21:38:40,,23.5,,0,,0,,0
2024-08-07 21:38:50,,23.5,,0,,0,,0
2024-08-07 21:39:00,,23.5,,0,,0,,0
2024-08-07 21:39:10,,23.0,,0,,0,,0
2024-08-07 21:39:20,,23.0,,0,,0,,0
2024-08-07 21:39:30,,23.0,,0,,0,,0
2024-08-07 21:39:40,,24.0,,0,,0,,0
2024-08-07 21:39:50,,24.0,,0,,0,,0
2024-08-07 21:40:00,,24.0,,0,,0,,0
2024-08-07 21:40:10,,25.0,,0,,0,,0
2024-08-07 21:40:20,,25.0,,0,,0,,0
2024-08-07 21:40:30,,25.0,,0,,0,,0
2024-08-07 21:40:40,,24.2,,0,,0,,0
2024-08-07 21:40:50,,24.2,,0,,0,,0
2024-08-07 21:41:00,,24.2,,0,,0,,0
2024-08-07 21:41:10,,24.4,,0,,0,,0
2024-08-07 21:41:20,,24.4,,0,,0,,0
2024-08-07 21:41:30,,24.4,,0,,0,,0
2024-08-07 21:41:40,,23.4,,0,,0,,0
2024-08-07 21:41:50,,23.4,,0,,0,,0
2024-08-07 21:42:00,,23.4,,0,,0,,0
2024-08-07 21:42:10,,24.0,,0,,0,,0
2024-08-07 21:42:20,,24.0,,0,,0,,0
2024-08-07 21:42:30,,24.0,,0,,0,,0
2024-08-07 21:42:40,,23.7,,0,,0,,0
2024-08-07 21:42:50,,23.7,,0,,0,,0
2024-08-07 21:43:00,,23.7,,0,,0,,0
2024-08-07 21:43:10,,24.3,,0,,0,,0
2024-08-07 21:43:20,,24.3,,0,,0,,0
2024-08-07 21:43:30,,24.3,,0,,0,,0
2024-08-07 21:43:40,,24.7,,0,,0,,0
2024-08-07 21:43:50,,24.7,,0,,0,,0
2024-08-07 21:44:00,,24.7,,0,,0,,0
2024-08-07 21:44:10,,24.0,,0,,0,,0
2024-08-07 21:44:20,,24.0,,0,,0,,0
2024-08-07 21:44:30,,24.0,,0,,0,,0
2024-08-07 21:44:40,,17.1,,0,,0,,0
2024-08-07 21:44:50,,17.1,,0,,0,,0
2024-08-07 21:45:00,,17.1,,0,,0,,0
2024-08-07 21:45:10,,0.211,,0,,0,,0
2024-08-07 21:45:20,,0.211,,0,,0,,0
2024-08-07 21:45:30,,0.211,,0,,0,,0
2024-08-07 21:45:40,,0.207,,0,,0,,0
2024-08-07 21:45:50,,0.207,,0,,0,,0
2024-08-07 21:46:00,,0.207,,0,,0,,0
2024-08-07 21:46:10,,0.196,,0,,0,,0
2024-08-07 21:46:20,,0.196,,0,,0,,0
2024-08-07 21:46:30,,0.196,,0,,0,,0
2024-08-07 21:46:40,,0.195,,0,,0,,0
2024-08-07 21:46:50,,0.195,,0,,0,,0
2024-08-07 21:47:00,,0.195,,0,,0,,0
2024-08-07 21:47:10,,0.205,,0,,0,,0
2024-08-07 21:47:20,,0.205,,0,,0,,0
2024-08-07 21:47:30,,0.205,,0,,0,,0
2024-08-07 21:47:40,,7.84,,0,,0,,0
2024-08-07 21:47:50,,7.84,,0,,0,,0
2024-08-07 21:48:00,,7.84,,0,,0,,0
2024-08-07 21:48:10,,22.8,,0,,0,,0
2024-08-07 21:48:20,,22.8,,0,,0,,0
2024-08-07 21:48:30,,22.8,,0,,0,,0
2024-08-07 21:48:40,,23.6,,0,,0,,0
2024-08-07 21:48:50,,23.6,,0,,0,,0
2024-08-07 21:49:00,,23.6,,0,,0,,0
2024-08-07 21:49:10,,23.7,,0,,0,,0
2024-08-07 21:49:20,,23.7,,0,,0,,0
2024-08-07 21:49:30,,23.7,,0,,0,,0
2024-08-07 21:49:40,,24.5,,0,,0,,0
2024-08-07 21:49:50,,24.5,,0,,0,,0
2024-08-07 21:50:00,,24.5,,0,,0,,0
2024-08-07 21:50:10,,23.6,,0,,0,,0
2024-08-07 21:50:20,,23.6,,0,,0,,0
2024-08-07 21:50:30,,23.6,,0,,0,,0
2024-08-07 21:50:40,,24.5,,0,,0,,0
2024-08-07 21:50:50,,24.5,,0,,0,,0
2024-08-07 21:51:00,,24.5,,0,,0,,0
2024-08-07 21:51:10,,24.9,,0,,0,,0
2024-08-07 21:51:20,,24.9,,0,,0,,0
2024-08-07 21:51:30,,24.9,,0,,0,,0
2024-08-07 21:51:40,,24.1,,0,,0,,0
2024-08-07 21:51:50,,24.1,,0,,0,,0
2024-08-07 21:52:00,,24.1,,0,,0,,0
2024-08-07 21:52:10,,25.8,,0,,0,,0
2024-08-07 21:52:20,,25.8,,0,,0,,0
2024-08-07 21:52:30,,25.8,,0,,0,,0
2024-08-07 21:52:40,,24.6,,0,,0,,0
2024-08-07 21:52:50,,24.6,,0,,0,,0
2024-08-07 21:53:00,,24.6,,0,,0,,0
2024-08-07 21:53:10,,24.7,,0,,0,,0
2024-08-07 21:53:20,,24.7,,0,,0,,0
2024-08-07 21:53:30,,24.7,,0,,0,,0
2024-08-07 21:53:40,,25.5,,0,,0,,0
2024-08-07 21:53:50,,25.5,,0,,0,,0
2024-08-07 21:54:00,,25.5,,0,,0,,0
2024-08-07 21:54:10,,25.7,,0,,0,,0
2024-08-07 21:54:20,,25.7,,0,,0,,0
2024-08-07 21:54:30,,25.7,,0,,0,,0
2024-08-07 21:54:40,,25.2,,0,,0,,0
2024-08-07 21:54:50,,25.2,,0,,0,,0
2024-08-07 21:55:00,,25.2,,0,,0,,0
2024-08-07 21:55:10,,25.3,,0,,0,,0
2024-08-07 21:55:20,,25.3,,0,,0,,0
2024-08-07 21:55:30,,25.3,,0,,0,,0
2024-08-07 21:55:40,,24.6,,0,,0,,0
2024-08-07 21:55:50,,24.6,,0,,0,,0
2024-08-07 21:56:00,,24.6,,0,,0,,0
2024-08-07 21:56:10,,25.9,,0,,0,,0
2024-08-07 21:56:20,,25.9,,0,,0,,0
2024-08-07 21:56:30,,25.9,,0,,0,,0
2024-08-07 21:56:40,,24.8,,0,,0,,0
2024-08-07 21:56:50,,24.8,,0,,0,,0
2024-08-07 21:57:00,,24.8,,0,,0,,0
2024-08-07 21:57:10,,26.7,,0,,0,,0
2024-08-07 21:57:20,,26.7,,0,,0,,0
2024-08-07 21:57:30,,26.7,,0,,0,,0
2024-08-07 21:57:40,,19.2,,0,,0,,0
2024-08-07 21:57:50,,19.2,,0,,0,,0
2024-08-07 21:58:00,,19.2,,0,,0,,0
2024-08-07 21:58:10,,0.240,,0,,0,,0
2024-08-07 21:58:20,,0.240,,0,,0,,0
2024-08-07 21:58:30,,0.240,,0,,0,,0
2024-08-07 21:58:40,,0.231,,0,,0,,0
2024-08-07 21:58:50,,0.231,,0,,0,,0
2024-08-07 21:59:00,,0.231,,0,,0,,0
2024-08-07 21:59:10,,0.182,,0,,0,,0
2024-08-07 21:59:20,,0.182,,0,,0,,0
2024-08-07 21:59:30,,0.182,,0,,0,,0
2024-08-07 21:59:40,,0.284,,0,,0,,0
2024-08-07 21:59:50,,0.284,,0,,0,,0
2024-08-07 22:00:00,,0.284,,0,,0,,0
2024-08-07 22:00:10,,0.0273,,0,,0,,0
2024-08-07 22:00:20,,0.0273,,0,,0,,0
2024-08-07 22:00:30,,0.0273,,0,,0,,0
2024-08-07 22:00:40,,6.61,,0,,0,,0
2024-08-07 22:00:50,,6.61,,0,,0,,0
2024-08-07 22:01:00,,6.61,,0,,0,,0
2024-08-07 22:01:10,,21.9,,0,,0,,0
2024-08-07 22:01:20,,21.9,,0,,0,,0
2024-08-07 22:01:30,,21.9,,0,,0,,0
2024-08-07 22:01:40,,22.3,,0,,0,,0
2024-08-07 22:01:50,,22.3,,0,,0,,0
2024-08-07 22:02:00,,22.3,,0,,0,,0
2024-08-07 22:02:10,,24.2,,0,,0,,0
2024-08-07 22:02:20,,24.2,,0,,0,,0
2024-08-07 22:02:30,,24.2,,0,,0,,0
2024-08-07 22:02:40,,21.9,,0,,0,,0
2024-08-07 22:02:50,,21.9,,0,,0,,0
2024-08-07 22:03:00,,21.9,,0,,0,,0
2024-08-07 22:03:10,,22.4,,0,,0,,0
2024-08-07 22:03:20,,22.4,,0,,0,,0
2024-08-07 22:03:30,,22.4,,0,,0,,0
2024-08-07 22:03:40,,22.8,,0,,0,,0
2024-08-07 22:03:50,,22.8,,0,,0,,0
2024-08-07 22:04:00,,22.8,,0,,0,,0
2024-08-07 22:04:10,,22.5,,0,,0,,0
2024-08-07 22:04:20,,22.5,,0,,0,,0
2024-08-07 22:04:30,,22.5,,0,,0,,0
2024-08-07 22:04:40,,22.4,,0,,0,,0
2024-08-07 22:04:50,,22.4,,0,,0,,0
2024-08-07 22:05:00,,22.4,,0,,0,,0
2024-08-07 22:05:10,,22.8,,0,,0,,0
2024-08-07 22:05:20,,22.8,,0,,0,,0
2024-08-07 22:05:30,,22.8,,0,,0,,0
2024-08-07 22:05:40,,22.7,,0,,0,,0
2024-08-07 22:05:50,,22.7,,0,,0,,0
2024-08-07 22:06:00,,22.7,,0,,0,,0
2024-08-07 22:06:10,,23.5,,0,,0,,0
2024-08-07 22:06:20,,23.5,,0,,0,,0
2024-08-07 22:06:30,,23.5,,0,,0,,0
2024-08-07 22:06:40,,22.8,,0,,0,,0
2024-08-07 22:06:50,,22.8,,0,,0,,0
2024-08-07 22:07:00,,22.8,,0,,0,,0
2024-08-07 22:07:10,,23.0,,0,,0,,0
2024-08-07 22:07:20,,23.0,,0,,0,,0
2024-08-07 22:07:30,,23.0,,0,,0,,0
2024-08-07 22:07:40,,23.7,,0,,0,,0
2024-08-07 22:07:50,,23.7,,0,,0,,0
2024-08-07 22:08:00,,23.7,,0,,0,,0
2024-08-07 22:08:10,,23.9,,0,,0,,0
2024-08-07 22:08:20,,23.9,,0,,0,,0
2024-08-07 22:08:30,,23.9,,0,,0,,0
2024-08-07 22:08:40,,22.9,,0,,0,,0
2024-08-07 22:08:50,,22.9,,0,,0,,0
2024-08-07 22:09:00,,22.9,,0,,0,,0
2024-08-07 22:09:10,,22.9,,0,,0,,0
2024-08-07 22:09:20,,22.9,,0,,0,,0
2024-08-07 22:09:30,,22.9,,0,,0,,0
2024-08-07 22:09:40,,22.8,,0,,0,,0
2024-08-07 22:09:50,,22.8,,0,,0,,0
2024-08-07 22:10:00,,22.8,,0,,0,,0
2024-08-07 22:10:10,,23.2,,0,,0,,0
2024-08-07 22:10:20,,23.2,,0,,0,,0
2024-08-07 22:10:30,,23.2,,0,,0,,0
2024-08-07 22:10:40,,17.4,,0,,0,,0
2024-08-07 22:10:50,,17.4,,0,,0,,0
2024-08-07 22:11:00,,17.4,,0,,0,,0
2024-08-07 22:11:10,,0.173,,0,,0,,0
2024-08-07 22:11:20,,0.173,,0,,0,,0
2024-08-07 22:11:30,,0.173,,0,,0,,0
2024-08-07 22:11:40,,0.183,,0,,0,,0
2024-08-07 22:11:50,,0.183,,0,,0,,0
2024-08-07 22:12:00,,0.183,,0,,0,,0
2024-08-07 22:12:10,,0.173,,0,,0,,0
2024-08-07 22:12:20,,0.173,,0,,0,,0
2024-08-07 22:12:30,,0.173,,0,,0,,0
2024-08-07 22:12:40,,0.182,,0,,0,,0
2024-08-07 22:12:50,,0.182,,0,,0,,0
2024-08-07 22:13:00,,0.182,,0,,0,,0
2024-08-07 22:13:10,,0.188,,0,,0,,0
2024-08-07 22:13:20,,0.188,,0,,0,,0
2024-08-07 22:13:30,,0.188,,0,,0,,0
2024-08-07 22:13:40,,7.19,,0,,0,,0
2024-08-07 22:13:50,,7.19,,0,,0,,0
2024-08-07 22:14:00,,7.19,,0,,0,,0
2024-08-07 22:14:10,,25.0,,0,,0,,0
2024-08-07 22:14:20,,25.0,,0,,0,,0
2024-08-07 22:14:30,,25.0,,0,,0,,0
2024-08-07 22:14:40,,24.1,,0,,0,,0
2024-08-07 22:14:50,,24.1,,0,,0,,0
2024-08-07 22:15:00,,24.1,,0,,0,,0
2024-08-07 22:15:10,,25.3,,0,,0,,0
2024-08-07 22:15:20,,25.3,,0,,0,,0
2024-08-07 22:15:30,,25.3,,0,,0,,0
2024-08-07 22:15:40,,26.0,,0,,0,,0
2024-08-07 22:15:50,,26.0,,0,,0,,0
2024-08-07 22:16:00,,26.0,,0,,0,,0
2024-08-07 22:16:10,,26.9,,0,,0,,0
2024-08-07 22:16:20,,26.9,,0,,0,,0
2024-08-07 22:16:30,,26.9,,0,,0,,0
2024-08-07 22:16:40,,26.4,,0,,0,,0
2024-08-07 22:16:50,,26.4,,0,,0,,0
2024-08-07 22:17:00,,26.4,,0,,0,,0
2024-08-07 22:17:10,,28.1,,0,,0,,0
2024-08-07 22:17:20,,28.1,,0,,0,,0
2024-08-07 22:17:30,,28.1,,0,,0,,0
2024-08-07 22:17:40,,25.8,,0,,0,,0
2024-08-07 22:17:50,,25.8,,0,,0,,0
2024-08-07 22:18:00,,25.8,,0,,0,,0
2024-08-07 22:18:10,,26.7,,0,,0,,0
2024-08-07 22:18:20,,26.7,,0,,0,,0
2024-08-07 22:18:30,,26.7,,0,,0,,0
2024-08-07 22:18:40,,26.5,,0,,0,,0
2024-08-07 22:18:50,,26.5,,0,,0,,0
2024-08-07 22:19:00,,26.5,,0,,0,,0
2024-08-07 22:19:10,,26.6,,0,,0,,0
2024-08-07 22:19:20,,26.6,,0,,0,,0
2024-08-07 22:19:30,,26.6,,0,,0,,0
2024-08-07 22:19:40,,26.9,,0,,0,,0
2024-08-07 22:19:50,,26.9,,0,,0,,0
2024-08-07 22:20:00,,26.9,,0,,0,,0
2024-08-07 22:20:10,,27.5,,0,,0,,0
2024-08-07 22:20:20,,27.5,,0,,0,,0
2024-08-07 22:20:30,,27.5,,0,,0,,0
2024-08-07 22:20:40,,26.8,,0,,0,,0
2024-08-07 22:20:50,,26.8,,0,,0,,0
2024-08-07 22:21:00,,26.8,,0,,0,,0
2024-08-07 22:21:10,,28.5,,0,,0,,0
2024-08-07 22:21:20,,28.5,,0,,0,,0
2024-08-07 22:21:30,,28.5,,0,,0,,0
2024-08-07 22:21:40,,27.8,,0,,0,,0
2024-08-07 22:21:50,,27.8,,0,,0,,0
2024-08-07 22:22:00,,27.8,,0,,0,,0
2024-08-07 22:22:10,,25.3,,0,,0,,0
2024-08-07 22:22:20,,25.3,,0,,0,,0
2024-08-07 22:22:30,,25.3,,0,,0,,0
2024-08-07 22:22:40,,26.9,,0,,0,,0
2024-08-07 22:22:50,,26.9,,0,,0,,0
2024-08-07 22:23:00,,26.9,,0,,0,,0
2024-08-07 22:23:10,,28.1,,0,,0,,0
2024-08-07 22:23:20,,28.1,,0,,0,,0
2024-08-07 22:23:30,,28.1,,0,,0,,0
2024-08-07 22:23:40,,21.7,,0,,0,,0
2024-08-07 22:23:50,,21.7,,0,,0,,0
2024-08-07 22:24:00,,21.7,,0,,0,,0
2024-08-07 22:24:10,,0,,0,,0,,0
2024-08-07 22:24:20,,0,,0,,0,,0
2024-08-07 22:24:30,,0,,0,,0,,0
2024-08-07 22:24:40,,0.200,,0,,0,,0
2024-08-07 22:24:50,,0.200,,0,,0,,0
2024-08-07 22:25:00,,0.200,,0,,0,,0
2024-08-07 22:25:10,,0.237,,0,,0,,0
2024-08-07 22:25:20,,0.237,,0,,0,,0
2024-08-07 22:25:30,,0.237,,0,,0,,0
2024-08-07 22:25:40,,0.164,,0,,0,,0
2024-08-07 22:25:50,,0.164,,0,,0,,0
2024-08-07 22:26:00,,0.164,,0,,0,,0
2024-08-07 22:26:10,,0.0809,,0,,0,,0
2024-08-07 22:26:20,,0.0809,,0,,0,,0
2024-08-07 22:26:30,,0.0809,,0,,0,,0
2024-08-07 22:26:40,,6.19,,0,,0,,0
2024-08-07 22:26:50,,6.19,,0,,0,,0
2024-08-07 22:27:00,,6.19,,0,,0,,0
2024-08-07 22:27:10,,28.9,,0,,0,,0
2024-08-07 22:27:20,,28.9,,0,,0,,0
2024-08-07 22:27:30,,28.9,,0,,0,,0
2024-08-07 22:27:40,,29.1,,0,,0,,0
2024-08-07 22:27:50,,29.1,,0,,0,,0
2024-08-07 22:28:00,,29.1,,0,,0,,0
2024-08-07 22:28:10,,28.8,,0,,0,,0
2024-08-07 22:28:20,,28.8,,0,,0,,0
2024-08-07 22:28:30,,28.8,,0,,0,,0
2024-08-07 22:28:40,,27.3,,0,,0,,0
2024-08-07 22:28:50,,27.3,,0,,0,,0
2024-08-07 22:29:00,,27.3,,0,,0,,0
2024-08-07 22:29:10,,27.8,,0,,0,,0
2024-08-07 22:29:20,,27.8,,0,,0,,0
2024-08-07 22:29:30,,27.8,,0,,0,,0
2024-08-07 22:29:40,,28.0,,0,,0,,0
2024-08-07 22:29:50,,28.0,,0,,0,,0
2024-08-07 22:30:00,,28.0,,0,,0,,0
2024-08-07 22:30:10,,28.0,,0,,0,,0
2024-08-07 22:30:20,,28.0,,0,,0,,0
2024-08-07 22:30:30,,28.0,,0,,0,,0
2024-08-07 22:30:40,,28.6,,0,,0,,0
2024-08-07 22:30:50,,28.6,,0,,0,,0
2024-08-07 22:31:00,,28.6,,0,,0,,0
2024-08-07 22:31:10,,31.2,,0,,0,,0
2024-08-07 22:31:20,,31.2,,0,,0,,0
2024-08-07 22:31:30,,31.2,,0,,0,,0
2024-08-07 22:31:40,,32.4,,0,,0,,0
2024-08-07 22:31:50,,32.4,,0,,0,,0
2024-08-07 22:32:00,,32.4,,0,,0,,0
2024-08-07 22:32:10,,31.1,,0,,0,,0
2024-08-07 22:32:20,,31.1,,0,,0,,0
2024-08-07 22:32:30,,31.1,,0,,0,,0
2024-08-07 22:32:40,,29.9,,0,,0,,0
2024-08-07 22:32:50,,29.9,,0,,0,,0
2024-08-07 22:33:00,,29.9,,0,,0,,0
2024-08-07 22:33:10,,30.5,,0,,0,,0
2024-08-07 22:33:20,,30.5,,0,,0,,0
2024-08-07 22:33:30,,30.5,,0,,0,,0
2024-08-07 22:33:40,,30.2,,0,,0,,0
2024-08-07 22:33:50,,30.2,,0,,0,,0
2024-08-07 22:34:00,,30.2,,0,,0,,0
2024-08-07 22:34:10,,29.9,,0,,0,,0
2024-08-07 22:34:20,,29.9,,0,,0,,0
2024-08-07 22:34:30,,29.9,,0,,0,,0
2024-08-07 22:34:40,,29.7,,0,,0,,0
2024-08-07 22:34:50,,29.7,,0,,0,,0
2024-08-07 22:35:00,,29.7,,0,,0,,0
2024-08-07 22:35:10,,29.2,,0,,0,,0
2024-08-07 22:35:20,,29.2,,0,,0,,0
2024-08-07 22:35:30,,29.2,,0,,0,,0
2024-08-07 22:35:40,,31.6,,0,,0,,0
2024-08-07 22:35:50,,31.6,,0,,0,,0
2024-08-07 22:36:00,,31.6,,0,,0,,0
2024-08-07 22:36:10,,31.2,,0,,0,,0
2024-08-07 22:36:20,,31.2,,0,,0,,0
2024-08-07 22:36:30,,31.2,,0,,0,,0
2024-08-07 22:36:40,,25.0,,0,,0,,0
2024-08-07 22:36:50,,25.0,,0,,0,,0
2024-08-07 22:37:00,,25.0,,0,,0,,0
2024-08-07 22:37:10,,0.192,,0,,0,,0
2024-08-07 22:37:20,,0.192,,0,,0,,0
2024-08-07 22:37:30,,0.192,,0,,0,,0
2024-08-07 22:37:40,,0.187,,0,,0,,0
2024-08-07 22:37:50,,0.187,,0,,0,,0
2024-08-07 22:38:00,,0.187,,0,,0,,0
2024-08-07 22:38:10,,0.236,,0,,0,,0
2024-08-07 22:38:20,,0.236,,0,,0,,0
2024-08-07 22:38:30,,0.236,,0,,0,,0
2024-08-07 22:38:40,,0.232,,0,,0,,0
2024-08-07 22:38:50,,0.232,,0,,0,,0
2024-08-07 22:39:00,,0.232,,0,,0,,0
2024-08-07 22:39:10,,0.216,,0,,0,,0
2024-08-07 22:39:20,,0.216,,0,,0,,0
2024-08-07 22:39:30,,0.216,,0,,0,,0
2024-08-07 22:39:40,,5.19,,0,,0,,0
2024-08-07 22:39:50,,5.19,,0,,0,,0
2024-08-07 22:40:00,,5.19,,0,,0,,0
2024-08-07 22:40:10,,27.3,,0,,0,,0
2024-08-07 22:40:20,,27.3,,0,,0,,0
2024-08-07 22:40:30,,27.3,,0,,0,,0
2024-08-07 22:40:40,,27.7,,0,,0,,0
2024-08-07 22:40:50,,27.7,,0,,0,,0
2024-08-07 22:41:00,,27.7,,0,,0,,0
2024-08-07 22:41:10,,29.8,,0,,0,,0
2024-08-07 22:41:20,,29.8,,0,,0,,0
2024-08-07 22:41:30,,29.8,,0,,0,,0
2024-08-07 22:41:40,,28.6,,0,,0,,0
2024-08-07 22:41:50,,28.6,,0,,0,,0
2024-08-07 22:42:00,,28.6,,0,,0,,0
2024-08-07 22:42:10,,30.5,,0,,0,,0
2024-08-07 22:42:20,,30.5,,0,,0,,0
2024-08-07 22:42:30,,30.5,,0,,0,,0
2024-08-07 22:42:40,,30.5,,0,,0,,0
2024-08-07 22:42:50,,30.5,,0,,0,,0
2024-08-07 22:43:00,,30.5,,0,,0,,0
2024-08-07 22:43:10,,29.9,,0,,0,,0
2024-08-07 22:43:20,,29.9,,0,,0,,0
2024-08-07 22:43:30,,29.9,,0,,0,,0
2024-08-07 22:43:40,,29.9,,0,,0,,0
2024-08-07 22:43:50,,29.9,,0,,0,,0
2024-08-07 22:44:00,,29.9,,0,,0,,0
2024-08-07 22:44:10,,28.7,,0,,0,,0
2024-08-07 22:44:20,,28.7,,0,,0,,0
2024-08-07 22:44:30,,28.7,,0,,0,,0
2024-08-07 22:44:40,,29.2,,0,,0,,0
2024-08-07 22:44:50,,29.2,,0,,0,,0
2024-08-07 22:45:00,,29.2,,0,,0,,0
2024-08-07 22:45:10,,28.9,,0,,0,,0
2024-08-07 22:45:20,,28.9,,0,,0,,0
2024-08-07 22:45:30,,28.9,,0,,0,,0
2024-08-07 22:45:40,,30.0,,0,,0,,0
2024-08-07 22:45:50,,30.0,,0,,0,,0
2024-08-07 22:46:00,,30.0,,0,,0,,0
2024-08-07 22:46:10,,31.4,,0,,0,,0
2024-08-07 22:46:20,,31.4,,0,,0,,0
2024-08-07 22:46:30,,31.4,,0,,0,,0
2024-08-07 22:46:40,,31.1,,0,,0,,0
2024-08-07 22:46:50,,31.1,,0,,0,,0
2024-08-07 22:47:00,,31.1,,0,,0,,0
2024-08-07 22:47:10,,30.5,,0,,0,,0
2024-08-07 22:47:20,,30.5,,0,,0,,0
2024-08-07 22:47:30,,30.5,,0,,0,,0
2024-08-07 22:47:40,,30.8,,0,,0,,0
2024-08-07 22:47:50,,30.8,,0,,0,,0
2024-08-07 22:48:00,,30.8,,0,,0,,0
2024-08-07 22:48:10,,30.1,,0,,0,,0
2024-08-07 22:48:20,,30.1,,0,,0,,0
2024-08-07 22:48:30,,30.1,,0,,0,,0
2024-08-07 22:48:40,,29.9,,0,,0,,0
2024-08-07 22:48:50,,29.9,,0,,0,,0
2024-08-07 22:49:00,,29.9,,0,,0,,0
2024-08-07 22:49:10,,29.6,,0,,0,,0
2024-08-07 22:49:20,,29.6,,0,,0,,0
2024-08-07 22:49:30,,29.6,,0,,0,,0
2024-08-07 22:49:40,,26.1,,0,,0,,0
2024-08-07 22:49:50,,26.1,,0,,0,,0
2024-08-07 22:50:00,,26.1,,0,,0,,0
2024-08-07 22:50:10,,0.187,,0,,0,,0
2024-08-07 22:50:20,,0.187,,0,,0,,0
2024-08-07 22:50:30,,0.187,,0,,0,,0
2024-08-07 22:50:40,,0.210,,0,,0,,0
2024-08-07 22:50:50,,0.210,,0,,0,,0
2024-08-07 22:51:00,,0.210,,0,,0,,0
2024-08-07 22:51:10,,0.167,,0,,0,,0
2024-08-07 22:51:20,,0.167,,0,,0,,0
2024-08-07 22:51:30,,0.167,,0,,0,,0
2024-08-07 22:51:40,,0.150,,0,,0,,0
2024-08-07 22:51:50,,0.150,,0,,0,,0
2024-08-07 22:52:00,,0.150,,0,,0,,0
2024-08-07 22:52:10,,0.116,,0,,0,,0
2024-08-07 22:52:20,,0.116,,0,,0,,0
2024-08-07 22:52:30,,0.116,,0,,0,,0
2024-08-07 22:52:40,,0.104,,0,,0,,0
2024-08-07 22:52:50,,0.104,,0,,0,,0
2024-08-07 22:53:00,,0.104,,0,,0,,0
2024-08-07 22:53:10,,0.0208,,0,,0,,0
2024-08-07 22:53:20,,0.0208,,0,,0,,0
2024-08-07 22:53:30,,0.0208,,0,,0,,0
2024-08-07 22:53:40,,0.0935,,0,,0,,0
2024-08-07 22:53:50,,0.0935,,0,,0,,0
2024-08-07 22:54:00,,0.0935,,0,,0,,0
2024-08-07 22:54:10,,0.128,,0,,0,,0
2024-08-07 22:54:20,,0.128,,0,,0,,0
2024-08-07 22:54:30,,0.128,,0,,0,,0
2024-08-07 22:54:40,,0.0833,,0,,0,,0
2024-08-07 22:54:50,,0.0833,,0,,0,,0
2024-08-07 22:55:00,,0.0833,,0,,0,,0
2024-08-07 22:55:10,,0.0637,,0,,0,,0
2024-08-07 22:55:20,,0.0637,,0,,0,,0
2024-08-07 22:55:30,,0.0637,,0,,0,,0
2024-08-07 22:55:40,,0.0743,,0,,0,,0
2024-08-07 22:55:50,,0.0743,,0,,0,,0
2024-08-07 22:56:00,,0.0743,,0,,0,,0
2024-08-07 22:56:10,,0,,0,,0,,0
2024-08-07 22:56:20,,0,,0,,0,,0
2024-08-07 22:56:30,,0,,0,,0,,0
2024-08-07 22:56:40,,0.108,,0,,0,,0
2024-08-07 22:56:50,,0.108,,0,,0,,0
2024-08-07 22:57:00,,0.108,,0,,0,,0
2024-08-07 22:57:10,,0.115,,0,,0,,0
2024-08-07 22:57:20,,0.115,,0,,0,,0
2024-08-07 22:57:30,,0.115,,0,,0,,0
2024-08-07 22:57:40,,0.185,,0,,0,,0
2024-08-07 22:57:50,,0.185,,0,,0,,0
2024-08-07 22:58:00,,0.185,,0,,0,,0
2024-08-07 22:58:10,,0.209,,0,,0,,0
2024-08-07 22:58:20,,0.209,,0,,0,,0
2024-08-07 22:58:30,,0.209,,0,,0,,0
2024-08-07 22:58:40,,0.0776,,0,,0,,0
2024-08-07 22:58:50,,0.0776,,0,,0,,0
2024-08-07 22:59:00,,0.0776,,0,,0,,0
2024-08-07 22:59:10,,0.155,,0,,0,,0
2024-08-07 22:59:20,,0.155,,0,,0,,0
2024-08-07 22:59:30,,0.155,,0,,0,,0
2024-08-07 22:59:40,,0.0929,,0,,0,,0
2024-08-07 22:59:50,,0.0929,,0,,0,,0
2024-08-07 23:00:00,,0.0929,,0,,0,,0
2024-08-07 23:00:10,,0.139,,0,,0,,0
2024-08-07 23:00:20,,0.139,,0,,0,,0
2024-08-07 23:00:30,,0.139,,0,,0,,0
2024-08-07 23:00:40,,0.163,,0,,0,,0
2024-08-07 23:00:50,,0.163,,0,,0,,0
2024-08-07 23:01:00,,0.163,,0,,0,,0
2024-08-07 23:01:10,,0.162,,0,,0,,0
2024-08-07 23:01:20,,0.162,,0,,0,,0
2024-08-07 23:01:30,,0.162,,0,,0,,0
2024-08-07 23:01:40,,0.190,,0,,0,,0
2024-08-07 23:01:50,,0.190,,0,,0,,0
2024-08-07 23:02:00,,0.190,,0,,0,,0
2024-08-07 23:02:10,,0.175,,0,,0,,0
2024-08-07 23:02:20,,0.175,,0,,0,,0
2024-08-07 23:02:30,,0.175,,0,,0,,0
2024-08-07 23:02:40,,0.0893,,0,,0,,0
2024-08-07 23:02:50,,0.0893,,0,,0,,0
2024-08-07 23:03:00,,0.0893,,0,,0,,0
2024-08-07 23:03:10,,0.150,,0,,0,,0
2024-08-07 23:03:20,,0.150,,0,,0,,0
2024-08-07 23:03:30,,0.150,,0,,0,,0
2024-08-07 23:03:40,,0.0404,,0,,0,,0
2024-08-07 23:03:50,,0.0404,,0,,0,,0
2024-08-07 23:04:00,,0.0404,,0,,0,,0
2024-08-07 23:04:10,,0.119,,0,,0,,0
2024-08-07 23:04:20,,0.119,,0,,0,,0
2024-08-07 23:04:30,,0.119,,0,,0,,0
2024-08-07 23:04:40,,0.0987,,0,,0,,0
2024-08-07 23:04:50,,0.0987,,0,,0,,0
2024-08-07 23:05:00,,0.0987,,0,,0,,0
2024-08-07 23:05:10,,0.162,,0,,0,,0
2024-08-07 23:05:20,,0.162,,0,,0,,0
2024-08-07 23:05:30,,0.162,,0,,0,,0
2024-08-07 23:05:40,,0.136,,0,,0,,0
2024-08-07 23:05:50,,0.136,,0,,0,,0
2024-08-07 23:06:00,,0.136,,0,,0,,0
2024-08-07 23:06:10,,0.165,,0,,0,,0
2024-08-07 23:06:20,,0.165,,0,,0,,0
2024-08-07 23:06:30,,0.165,,0,,0,,0
2024-08-07 23:06:40,,0.166,,0,,0,,0
2024-08-07 23:06:50,,0.166,,0,,0,,0
2024-08-07 23:07:00,,0.166,,0,,0,,0
2024-08-07 23:07:10,,0.162,,0,,0,,0
2024-08-07 23:07:20,,0.162,,0,,0,,0
2024-08-07 23:07:30,,0.162,,0,,0,,0
2024-08-07 23:07:40,,0.171,,0,,0,,0
2024-08-07 23:07:50,,0.171,,0,,0,,0
2024-08-07 23:08:00,,0.171,,0,,0,,0
2024-08-07 23:08:10,,0.183,,0,,0,,0
2024-08-07 23:08:20,,0.183,,0,,0,,0
2024-08-07 23:08:30,,0.183,,0,,0,,0
2024-08-07 23:08:40,,0.173,,0,,0,,0
2024-08-07 23:08:50,,0.173,,0,,0,,0
2024-08-07 23:09:00,,0.173,,0,,0,,0
2024-08-07 23:09:10,,0.181,,0,,0,,0
2024-08-07 23:09:20,,0.181,,0,,0,,0
2024-08-07 23:09:30,,0.181,,0,,0,,0
2024-08-07 23:09:40,,0.180,,0,,0,,0
2024-08-07 23:09:50,,0.180,,0,,0,,0
2024-08-07 23:10:00,,0.180,,0,,0,,0
2024-08-07 23:10:10,,0.195,,0,,0,,0
2024-08-07 23:10:20,,0.195,,0,,0,,0
2024-08-07 23:10:30,,0.195,,0,,0,,0
2024-08-07 23:10:40,,0.183,,0,,0,,0
2024-08-07 23:10:50,,0.183,,0,,0,,0
2024-08-07 23:11:00,,0.183,,0,,0,,0
2024-08-07 23:11:10,,0.172,,0,,0,,0
2024-08-07 23:11:20,,0.172,,0,,0,,0
2024-08-07 23:11:30,,0.172,,0,,0,,0
2024-08-07 23:11:40,,0.100,,0,,0,,0
2024-08-07 23:11:50,,0.100,,0,,0,,0
2024-08-07 23:12:00,,0.100,,0,,0,,0
2024-08-07 23:12:10,,0,,0,,0,,0
2024-08-07 23:12:20,,0,,0,,0,,0
2024-08-07 23:12:30,,0,,0,,0,,0
2024-08-07 23:12:40,,0.0849,,0,,0,,0
2024-08-07 23:12:50,,0.0849,,0,,0,,0
2024-08-07 23:13:00,,0.0849,,0,,0,,0
2024-08-07 23:13:10,,0.0955,,0,,0,,0
2024-08-07 23:13:20,,0.0955,,0,,0,,0
2024-08-07 23:13:30,,0.0955,,0,,0,,0
2024-08-07 23:13:40,,0.0757,,0,,0,,0
2024-08-07 23:13:50,,0.0757,,0,,0,,0
2024-08-07 23:14:00,,0.0757,,0,,0,,0
2024-08-07 23:14:10,,0.190,,0,,0,,0
2024-08-07 23:14:20,,0.190,,0,,0,,0
2024-08-07 23:14:30,,0.190,,0,,0,,0
2024-08-07 23:14:40,,0.182,,0,,0,,0
2024-08-07 23:14:50,,0.182,,0,,0,,0
2024-08-07 23:15:00,,0.182,,0,,0,,0
2024-08-07 23:15:10,,0.192,,0,,0,,0
2024-08-07 23:15:20,,0.192,,0,,0,,0
2024-08-07 23:15:30,,0.192,,0,,0,,0
2024-08-07 23:15:40,,0.175,,0,,0,,0
2024-08-07 23:15:50,,0.175,,0,,0,,0
2024-08-07 23:16:00,,0.175,,0,,0,,0
2024-08-07 23:16:10,,0.174,,0,,0,,0
2024-08-07 23:16:20,,0.174,,0,,0,,0
2024-08-07 23:16:30,,0.174,,0,,0,,0
2024-08-07 23:16:40,,0.174,,0,,0,,0
2024-08-07 23:16:50,,0.174,,0,,0,,0
2024-08-07 23:17:00,,0.174,,0,,0,,0
2024-08-07 23:17:10,,0.134,,0,,0,,0
2024-08-07 23:17:20,,0.134,,0,,0,,0
2024-08-07 23:17:30,,0.134,,0,,0,,0
2024-08-07 23:17:40,,0.165,,0,,0,,0
2024-08-07 23:17:50,,0.165,,0,,0,,0
2024-08-07 23:18:00,,0.165,,0,,0,,0
2024-08-07 23:18:10,,0.189,,0,,0,,0
2024-08-07 23:18:20,,0.189,,0,,0,,0
2024-08-07 23:18:30,,0.189,,0,,0,,0
2024-08-07 23:18:40,,0.180,,0,,0,,0
2024-08-07 23:18:50,,0.180,,0,,0,,0
2024-08-07 23:19:00,,0.180,,0,,0,,0
2024-08-07 23:19:10,,0.184,,0,,0,,0
2024-08-07 23:19:20,,0.184,,0,,0,,0
2024-08-07 23:19:30,,0.184,,0,,0,,0
2024-08-07 23:19:40,,0.172,,0,,0,,0
2024-08-07 23:19:50,,0.172,,0,,0,,0
2024-08-07 23:20:00,,0.172,,0,,0,,0
2024-08-07 23:20:10,,0.192,,0,,0,,0
2024-08-07 23:20:20,,0.192,,0,,0,,0
2024-08-07 23:20:30,,0.192,,0,,0,,0
2024-08-07 23:20:40,,0.181,,0,,0,,0
2024-08-07 23:20:50,,0.181,,0,,0,,0
2024-08-07 23:21:00,,0.181,,0,,0,,0
2024-08-07 23:21:10,,0.169,,0,,0,,0
2024-08-07 23:21:20,,0.169,,0,,0,,0
2024-08-07 23:21:30,,0.169,,0,,0,,0
2024-08-07 23:21:40,,0.180,,0,,0,,0
2024-08-07 23:21:50,,0.180,,0,,0,,0
2024-08-07 23:22:00,,0.180,,0,,0,,0
2024-08-07 23:22:10,,0.174,,0,,0,,0
2024-08-07 23:22:20,,0.174,,0,,0,,0
2024-08-07 23:22:30,,0.174,,0,,0,,0
2024-08-07 23:22:40,,0.175,,0,,0,,0
2024-08-07 23:22:50,,0.175,,0,,0,,0
2024-08-07 23:23:00,,0.175,,0,,0,,0
2024-08-07 23:23:10,,0.160,,0,,0,,0
2024-08-07 23:23:20,,0.160,,0,,0,,0
2024-08-07 23:23:30,,0.160,,0,,0,,0
2024-08-07 23:23:40,,0.112,,0,,0,,0
2024-08-07 23:23:50,,0.112,,0,,0,,0
2024-08-07 23:24:00,,0.112,,0,,0,,0
2024-08-07 23:24:10,,0.145,,0,,0,,0
2024-08-07 23:24:20,,0.145,,0,,0,,0
2024-08-07 23:24:30,,0.145,,0,,0,,0
2024-08-07 23:24:40,,0.152,,0,,0,,0
2024-08-07 23:24:50,,0.152,,0,,0,,0
2024-08-07 23:25:00,,0.152,,0,,0,,0
2024-08-07 23:25:10,,0.125,,0,,0,,0
2024-08-07 23:25:20,,0.125,,0,,0,,0
2024-08-07 23:25:30,,0.125,,0,,0,,0
2024-08-07 23:25:40,,0.169,,0,,0,,0
2024-08-07 23:25:50,,0.169,,0,,0,,0
2024-08-07 23:26:00,,0.169,,0,,0,,0
2024-08-07 23:26:10,,0.0691,,0,,0,,0
2024-08-07 23:26:20,,0.0691,,0,,0,,0
2024-08-07 23:26:30,,0.0691,,0,,0,,0
2024-08-07 23:26:40,,0.191,,0,,0,,0
2024-08-07 23:26:50,,0.191,,0,,0,,0
2024-08-07 23:27:00,,0.191,,0,,0,,0
2024-08-07 23:27:10,,0.170,,0,,0,,0
2024-08-07 23:27:20,,0.170,,0,,0,,0
2024-08-07 23:27:30,,0.170,,0,,0,,0
2024-08-07 23:27:40,,0.175,,0,,0,,0
2024-08-07 23:27:50,,0.175,,0,,0,,0
2024-08-07 23:28:00,,0.175,,0,,0,,0
2024-08-07 23:28:10,,0.180,,0,,0,,0
2024-08-07 23:28:20,,0.180,,0,,0,,0
2024-08-07 23:28:30,,0.180,,0,,0,,0
2024-08-07 23:28:40,,0.181,,0,,0,,0
2024-08-07 23:28:50,,0.181,,0,,0,,0
2024-08-07 23:29:00,,0.181,,0,,0,,0
2024-08-07 23:29:10,,0.181,,0,,0,,0
2024-08-07 23:29:20,,0.181,,0,,0,,0
2024-08-07 23:29:30,,0.181,,0,,0,,0
2024-08-07 23:29:40,,0.190,,0,,0,,0
2024-08-07 23:29:50,,0.190,,0,,0,,0
2024-08-07 23:30:00,,0.190,,0,,0,,0
2024-08-07 23:30:10,,0.192,,0,,0,,0
2024-08-07 23:30:20,,0.192,,0,,0,,0
2024-08-07 23:30:30,,0.192,,0,,0,,0
2024-08-07 23:30:40,,0.185,,0,,0,,0
2024-08-07 23:30:50,,0.185,,0,,0,,0
2024-08-07 23:31:00,,0.185,,0,,0,,0
2024-08-07 23:31:10,,0.174,,0,,0,,0
2024-08-07 23:31:20,,0.174,,0,,0,,0
2024-08-07 23:31:30,,0.174,,0,,0,,0
2024-08-07 23:31:40,,0.0898,,0,,0,,0
2024-08-07 23:31:50,,0.0898,,0,,0,,0
2024-08-07 23:32:00,,0.0898,,0,,0,,0
2024-08-07 23:32:10,,0.176,,0,,0,,0
2024-08-07 23:32:20,,0.176,,0,,0,,0
2024-08-07 23:32:30,,0.176,,0,,0,,0
2024-08-07 23:32:40,,0.0875,,0,,0,,0
2024-08-07 23:32:50,,0.0875,,0,,0,,0
2024-08-07 23:33:00,,0.0875,,0,,0,,0
2024-08-07 23:33:10,,0.0750,,0,,0,,0
2024-08-07 23:33:20,,0.0750,,0,,0,,0
2024-08-07 23:33:30,,0.0750,,0,,0,,0
2024-08-07 23:34:40,0.132,,0,,0,,0,
2024-08-07 23:34:50,0.132,,0,,0,,0,
2024-08-07 23:35:00,0.132,,0,,0,,0,
2024-08-07 23:35:10,0.131,,0,,0,,0,
2024-08-07 23:35:20,0.131,,0,,0,,0,
2024-08-07 23:35:30,0.131,,0,,0,,0,
2024-08-07 23:35:40,10.3,,0,,0,,0,
2024-08-07 23:35:50,10.3,,0,,0,,0,
2024-08-07 23:36:00,10.3,,0,,0,,0,
2024-08-07 23:36:10,31.2,,0,,0,,0,
2024-08-07 23:36:20,31.2,,0,,0,,0,
2024-08-07 23:36:30,31.2,,0,,0,,0,
2024-08-07 23:36:40,31.1,,0,,0,,0,
2024-08-07 23:36:50,31.1,,0,,0,,0,
2024-08-07 23:37:00,31.1,,0,,0,,0,
2024-08-07 23:37:10,30.3,,0,,0,,0,
2024-08-07 23:37:20,30.3,,0,,0,,0,
2024-08-07 23:37:30,30.3,,0,,0,,0,
2024-08-07 23:37:40,31.7,,0,,0,,0,
2024-08-07 23:37:50,31.7,,0,,0,,0,
2024-08-07 23:38:00,31.7,,0,,0,,0,
2024-08-07 23:38:10,32.1,,0,,0,,0,
2024-08-07 23:38:20,32.1,,0,,0,,0,
2024-08-07 23:38:30,32.1,,0,,0,,0,
2024-08-07 23:38:40,31.1,,0,,0,,0,
2024-08-07 23:38:50,31.1,,0,,0,,0,
2024-08-07 23:39:00,31.1,,0,,0,,0,
2024-08-07 23:39:10,31.2,,0,,0,,0,
2024-08-07 23:39:20,31.2,,0,,0,,0,
2024-08-07 23:39:30,31.2,,0,,0,,0,
2024-08-07 23:39:40,31.6,,0,,0,,0,
2024-08-07 23:39:50,31.6,,0,,0,,0,
2024-08-07 23:40:00,31.6,,0,,0,,0,
2024-08-07 23:40:10,30.8,,0,,0,,0,
2024-08-07 23:40:20,30.8,,0,,0,,0,
2024-08-07 23:40:30,30.8,,0,,0,,0,
2024-08-07 23:40:40,31.2,,0,,0,,0,
2024-08-07 23:40:50,31.2,,0,,0,,0,
2024-08-07 23:41:00,31.2,,0,,0,,0,
2024-08-07 23:41:10,32.2,,0,,0,,0,
2024-08-07 23:41:20,32.2,,0,,0,,0,
2024-08-07 23:41:30,32.2,,0,,0,,0,
2024-08-07 23:41:40,31.1,,0,,0,,0,
2024-08-07 23:41:50,31.1,,0,,0,,0,
2024-08-07 23:42:00,31.1,,0,,0,,0,
2024-08-07 23:42:10,32.4,,0,,0,,0,
2024-08-07 23:42:20,32.4,,0,,0,,0,
2024-08-07 23:42:30,32.4,,0,,0,,0,
2024-08-07 23:42:40,32.4,,0,,0,,0,
2024-08-07 23:42:50,32.4,,0,,0,,0,
2024-08-07 23:43:00,32.4,,0,,0,,0,
2024-08-07 23:43:10,31.8,,0,,0,,0,
2024-08-07 23:43:20,31.8,,0,,0,,0,
2024-08-07 23:43:30,31.8,,0,,0,,0,
2024-08-07 23:43:40,32.3,,0,,0,,0,
2024-08-07 23:43:50,32.3,,0,,0,,0,
2024-08-07 23:44:00,32.3,,0,,0,,0,
2024-08-07 23:44:10,31.6,,0,,0,,0,
2024-08-07 23:44:20,31.6,,0,,0,,0,
2024-08-07 23:44:30,31.6,,0,,0,,0,
2024-08-07 23:44:40,32.3,,0,,0,,0,
2024-08-07 23:44:50,32.3,,0,,0,,0,
2024-08-07 23:45:00,32.3,,0,,0,,0,
2024-08-07 23:45:10,31.2,,0,,0,,0,
2024-08-07 23:45:20,31.2,,0,,0,,0,
2024-08-07 23:45:30,31.2,,0,,0,,0,
2024-08-07 23:45:40,24.1,,0,,0,,0,
2024-08-07 23:45:50,24.1,,0,,0,,0,
2024-08-07 23:46:00,24.1,,0,,0,,0,
2024-08-07 23:46:10,0,,0,,0,,0,
2024-08-07 23:46:20,0,,0,,0,,0,
2024-08-07 23:46:30,0,,0,,0,,0,
2024-08-07 23:46:40,0,,0,,0,,0,
2024-08-07 23:46:50,0,,0,,0,,0,
2024-08-07 23:47:00,0,,0,,0,,0,
2024-08-07 23:47:10,0,,0,,0,,0,
2024-08-07 23:47:20,0,,0,,0,,0,
2024-08-07 23:47:30,0,,0,,0,,0,
2024-08-07 23:47:40,0,,0,,0,,0,
2024-08-07 23:47:50,0,,0,,0,,0,
2024-08-07 23:48:00,0,,0,,0,,0,
2024-08-07 23:48:10,0,,0,,0,,0,
2024-08-07 23:48:20,0,,0,,0,,0,
2024-08-07 23:48:30,0,,0,,0,,0,
2024-08-07 23:48:40,15.9,,0,,0,,0,
2024-08-07 23:48:50,15.9,,0,,0,,0,
2024-08-07 23:49:00,15.9,,0,,0,,0,
2024-08-07 23:49:10,61.5,,0,,0,,0,
2024-08-07 23:49:20,61.5,,0,,0,,0,
2024-08-07 23:49:30,61.5,,0,,0,,0,
2024-08-07 23:49:40,64.3,,0,,0,,0,
2024-08-07 23:49:50,64.3,,0,,0,,0,
2024-08-07 23:50:00,64.3,,0,,0,,0,
2024-08-07 23:50:10,64.1,,0,,0,,0,
2024-08-07 23:50:20,64.1,,0,,0,,0,
2024-08-07 23:50:30,64.1,,0,,0,,0,
2024-08-07 23:50:40,63.6,,0,,0,,0,
2024-08-07 23:50:50,63.6,,0,,0,,0,
2024-08-07 23:51:00,63.6,,0,,0,,0,
2024-08-07 23:51:10,59.8,,0,,0,,0,
2024-08-07 23:51:20,59.8,,0,,0,,0,
2024-08-07 23:51:30,59.8,,0,,0,,0,
2024-08-07 23:51:40,52.0,,0,,0,,0,
2024-08-07 23:51:50,52.0,,0,,0,,0,
2024-08-07 23:52:00,52.0,,0,,0,,0,
2024-08-07 23:52:10,51.4,,0,,0,,0,
2024-08-07 23:52:20,51.4,,0,,0,,0,
2024-08-07 23:52:30,51.4,,0,,0,,0,
2024-08-07 23:52:40,52.2,,0,,0,,0,
2024-08-07 23:52:50,52.2,,0,,0,,0,
2024-08-07 23:53:00,52.2,,0,,0,,0,
2024-08-07 23:53:10,51.3,,0,,0,,0,
2024-08-07 23:53:20,51.3,,0,,0,,0,
2024-08-07 23:53:30,51.3,,0,,0,,0,
2024-08-07 23:53:40,51.0,,0,,0,,0,
2024-08-07 23:53:50,51.0,,0,,0,,0,
2024-08-07 23:54:00,51.0,,0,,0,,0,
2024-08-07 23:54:10,51.4,,0,,0,,0,
2024-08-07 23:54:20,51.4,,0,,0,,0,
2024-08-07 23:54:30,51.4,,0,,0,,0,
2024-08-07 23:54:40,51.7,,0,,0,,0,
2024-08-07 23:54:50,51.7,,0,,0,,0,
2024-08-07 23:55:00,51.7,,0,,0,,0,
2024-08-07 23:55:10,50.8,,0,,0,,0,
2024-08-07 23:55:20,50.8,,0,,0,,0,
2024-08-07 23:55:30,50.8,,0,,0,,0,
2024-08-07 23:55:40,52.1,,0,,0,,0,
2024-08-07 23:55:50,52.1,,0,,0,,0,
2024-08-07 23:56:00,52.1,,0,,0,,0,
2024-08-07 23:56:10,51.4,,0,,0,,0,
2024-08-07 23:56:20,51.4,,0,,0,,0,
2024-08-07 23:56:30,51.4,,0,,0,,0,
2024-08-07 23:56:40,52.0,,0,,0,,0,
2024-08-07 23:56:50,52.0,,0,,0,,0,
2024-08-07 23:57:00,52.0,,0,,0,,0,
2024-08-07 23:57:10,50.9,,0,,0,,0,
2024-08-07 23:57:20,50.9,,0,,0,,0,
2024-08-07 23:57:30,50.9,,0,,0,,0,
2024-08-07 23:57:40,52.5,,0,,0,,0,
2024-08-07 23:57:50,52.5,,0,,0,,0,
2024-08-07 23:58:00,52.5,,0,,0,,0,
2024-08-07 23:58:10,51.3,,0,,0,,0,
2024-08-07 23:58:20,51.3,,0,,0,,0,
2024-08-07 23:58:30,51.3,,0,,0,,0,
2024-08-07 23:58:40,39.3,,0,,0,,0,
2024-08-07 23:58:50,39.3,,0,,0,,0,
2024-08-07 23:59:00,39.3,,0,,0,,0,
2024-08-07 23:59:10,0,,0,,0,,0,
2024-08-07 23:59:20,0,,0,,0,,0,
2024-08-07 23:59:30,0,,0,,0,,0,
2024-08-07 23:59:40,0,,0,,0,,0,
2024-08-07 23:59:50,0,,0,,0,,0,
2024-08-08 00:00:00,0,,0,,0,,0,
2024-08-08 00:00:10,0,,0,,0,,0,
2024-08-08 00:00:20,0,,0,,0,,0,
2024-08-08 00:00:30,0,,0,,0,,0,
2024-08-08 00:00:40,0.0552,,0,,0,,0,
2024-08-08 00:00:50,0.0552,,0,,0,,0,
2024-08-08 00:01:00,0.0552,,0,,0,,0,
2024-08-08 00:01:10,0.125,,0,,0,,0,
2024-08-08 00:01:20,0.125,,0,,0,,0,
2024-08-08 00:01:30,0.125,,0,,0,,0,
2024-08-08 00:01:40,20.7,,0,,0,,0,
2024-08-08 00:01:50,20.7,,0,,0,,0,
2024-08-08 00:02:00,20.7,,0,,0,,0,
2024-08-08 00:02:10,76.4,,0,,0,,0,
2024-08-08 00:02:20,76.4,,0,,0,,0,
2024-08-08 00:02:30,76.4,,0,,0,,0,
2024-08-08 00:02:40,74.5,,0,,0,,0,
2024-08-08 00:02:50,74.5,,0,,0,,0,
2024-08-08 00:03:00,74.5,,0,,0,,0,
2024-08-08 00:03:10,69.5,,0,,0,,0,
2024-08-08 00:03:20,69.5,,0,,0,,0,
2024-08-08 00:03:30,69.5,,0,,0,,0,
2024-08-08 00:03:40,55.3,,0,,0,,0,
2024-08-08 00:03:50,55.3,,0,,0,,0,
2024-08-08 00:04:00,55.3,,0,,0,,0,
2024-08-08 00:04:10,51.8,,0,,0,,0,
2024-08-08 00:04:20,51.8,,0,,0,,0,
2024-08-08 00:04:30,51.8,,0,,0,,0,
2024-08-08 00:04:40,52.1,,0,,0,,0,
2024-08-08 00:04:50,52.1,,0,,0,,0,
2024-08-08 00:05:00,52.1,,0,,0,,0,
2024-08-08 00:05:10,52.3,,0,,0,,0,
2024-08-08 00:05:20,52.3,,0,,0,,0,
2024-08-08 00:05:30,52.3,,0,,0,,0,
2024-08-08 00:05:40,52.2,,0,,0,,0,
2024-08-08 00:05:50,52.2,,0,,0,,0,
2024-08-08 00:06:00,52.2,,0,,0,,0,
2024-08-08 00:06:10,51.1,,0,,0,,0,
2024-08-08 00:06:20,51.1,,0,,0,,0,
2024-08-08 00:06:30,51.1,,0,,0,,0,
2024-08-08 00:06:40,52.5,,0,,0,,0,
2024-08-08 00:06:50,52.5,,0,,0,,0,
2024-08-08 00:07:00,52.5,,0,,0,,0,
2024-08-08 00:07:10,51.4,,0,,0,,0,
2024-08-08 00:07:20,51.4,,0,,0,,0,
2024-08-08 00:07:30,51.4,,0,,0,,0,
2024-08-08 00:07:40,51.9,,0,,0,,0,
2024-08-08 00:07:50,51.9,,0,,0,,0,
2024-08-08 00:08:00,51.9,,0,,0,,0,
2024-08-08 00:08:10,51.4,,0,,0,,0,
2024-08-08 00:08:20,51.4,,0,,0,,0,
2024-08-08 00:08:30,51.4,,0,,0,,0,
2024-08-08 00:08:40,52.4,,0,,0,,0,
2024-08-08 00:08:50,52.4,,0,,0,,0,
2024-08-08 00:09:00,52.4,,0,,0,,0,
2024-08-08 00:09:10,52.3,,0,,0,,0,
2024-08-08 00:09:20,52.3,,0,,0,,0,
2024-08-08 00:09:30,52.3,,0,,0,,0,
2024-08-08 00:09:40,52.2,,0,,0,,0,
2024-08-08 00:09:50,52.2,,0,,0,,0,
2024-08-08 00:10:00,52.2,,0,,0,,0,
2024-08-08 00:10:10,52.3,,0,,0,,0,
2024-08-08 00:10:20,52.3,,0,,0,,0,
2024-08-08 00:10:30,52.3,,0,,0,,0,
2024-08-08 00:10:40,52.3,,0,,0,,0,
2024-08-08 00:10:50,52.3,,0,,0,,0,
2024-08-08 00:11:00,52.3,,0,,0,,0,
2024-08-08 00:11:10,51.4,,0,,0,,0,
2024-08-08 00:11:20,51.4,,0,,0,,0,
2024-08-08 00:11:30,51.4,,0,,0,,0,
2024-08-08 00:11:40,40.1,,0,,0,,0,
2024-08-08 00:11:50,40.1,,0,,0,,0,
2024-08-08 00:12:00,40.1,,0,,0,,0,
2024-08-08 00:12:10,0.196,,0,,0,,0,
2024-08-08 00:12:20,0.196,,0,,0,,0,
2024-08-08 00:12:30,0.196,,0,,0,,0,
2024-08-08 00:12:40,0.166,,0,,0,,0,
2024-08-08 00:12:50,0.166,,0,,0,,0,
2024-08-08 00:13:00,0.166,,0,,0,,0,
2024-08-08 00:13:10,0.194,,0,,0,,0,
2024-08-08 00:13:20,0.194,,0,,0,,0,
2024-08-08 00:13:30,0.194,,0,,0,,0,
2024-08-08 00:13:40,0.121,,0,,0,,0,
2024-08-08 00:13:50,0.121,,0,,0,,0,
2024-08-08 00:14:00,0.121,,0,,0,,0,
2024-08-08 00:14:10,0.0236,,0,,0,,0,
2024-08-08 00:14:20,0.0236,,0,,0,,0,
2024-08-08 00:14:30,0.0236,,0,,0,,0,
2024-08-08 00:14:40,25.6,,0,,0,,0,
2024-08-08 00:14:50,25.6,,0,,0,,0,
2024-08-08 00:15:00,25.6,,0,,0,,0,
2024-08-08 00:15:10,104,,0,,0,,0,
2024-08-08 00:15:20,104,,0,,0,,0,
2024-08-08 00:15:30,104,,0,,0,,0,
2024-08-08 00:15:40,74.8,,0,,0,,0,
2024-08-08 00:15:50,74.8,,0,,0,,0,
2024-08-08 00:16:00,74.8,,0,,0,,0,
2024-08-08 00:16:10,61.2,,0,,0,,0,
2024-08-08 00:16:20,61.2,,0,,0,,0,
2024-08-08 00:16:30,61.2,,0,,0,,0,
2024-08-08 00:16:40,52.3,,0,,0,,0,
2024-08-08 00:16:50,52.3,,0,,0,,0,
2024-08-08 00:17:00,52.3,,0,,0,,0,
2024-08-08 00:17:10,52.0,,0,,0,,0,
2024-08-08 00:17:20,52.0,,0,,0,,0,
2024-08-08 00:17:30,52.0,,0,,0,,0,
2024-08-08 00:17:40,52.2,,0,,0,,0,
2024-08-08 00:17:50,52.2,,0,,0,,0,
2024-08-08 00:18:00,52.2,,0,,0,,0,
2024-08-08 00:18:10,52.2,,0,,0,,0,
2024-08-08 00:18:20,52.2,,0,,0,,0,
2024-08-08 00:18:30,52.2,,0,,0,,0,
2024-08-08 00:18:40,52.0,,0,,0,,0,
2024-08-08 00:18:50,52.0,,0,,0,,0,
2024-08-08 00:19:00,52.0,,0,,0,,0,
2024-08-08 00:19:10,52.3,,0,,0,,0,
2024-08-08 00:19:20,52.3,,0,,0,,0,
2024-08-08 00:19:30,52.3,,0,,0,,0,
2024-08-08 00:19:40,52.2,,0,,0,,0,
2024-08-08 00:19:50,52.2,,0,,0,,0,
2024-08-08 00:20:00,52.2,,0,,0,,0,
2024-08-08 00:20:10,52.1,,0,,0,,0,
2024-08-08 00:20:20,52.1,,0,,0,,0,
2024-08-08 00:20:30,52.1,,0,,0,,0,
2024-08-08 00:20:40,52.1,,0,,0,,0,
2024-08-08 00:20:50,52.1,,0,,0,,0,
2024-08-08 00:21:00,52.1,,0,,0,,0,
2024-08-08 00:21:10,51.7,,0,,0,,0,
2024-08-08 00:21:20,51.7,,0,,0,,0,
2024-08-08 00:21:30,51.7,,0,,0,,0,
2024-08-08 00:21:40,51.9,,0,,0,,0,
2024-08-08 00:21:50,51.9,,0,,0,,0,
2024-08-08 00:22:00,51.9,,0,,0,,0,
2024-08-08 00:22:10,51.3,,0,,0,,0,
2024-08-08 00:22:20,51.3,,0,,0,,0,
2024-08-08 00:22:30,51.3,,0,,0,,0,
2024-08-08 00:22:40,51.7,,0,,0,,0,
2024-08-08 00:22:50,51.7,,0,,0,,0,
2024-08-08 00:23:00,51.7,,0,,0,,0,
2024-08-08 00:23:10,51.6,,0,,0,,0,
2024-08-08 00:23:20,51.6,,0,,0,,0,
2024-08-08 00:23:30,51.6,,0,,0,,0,
2024-08-08 00:23:40,52.0,,0,,0,,0,
2024-08-08 00:23:50,52.0,,0,,0,,0,
2024-08-08 00:24:00,52.0,,0,,0,,0,
2024-08-08 00:24:10,52.5,,0,,0,,0,
2024-08-08 00:24:20,52.5,,0,,0,,0,
2024-08-08 00:24:30,52.5,,0,,0,,0,
2024-08-08 00:24:40,49.1,,0,,0,,0,
2024-08-08 00:24:50,49.1,,0,,0,,0,
2024-08-08 00:25:00,49.1,,0,,0,,0,
2024-08-08 00:25:10,0.267,,0,,0,,0,
2024-08-08 00:25:20,0.267,,0,,0,,0,
2024-08-08 00:25:30,0.267,,0,,0,,0,
2024-08-08 00:25:40,0.191,,0,,0,,0,
2024-08-08 00:25:50,0.191,,0,,0,,0,
2024-08-08 00:26:00,0.191,,0,,0,,0,
2024-08-08 00:26:10,0.0823,,0,,0,,0,
2024-08-08 00:26:20,0.0823,,0,,0,,0,
2024-08-08 00:26:30,0.0823,,0,,0,,0,
2024-08-08 00:26:40,0.0943,,0,,0,,0,
2024-08-08 00:26:50,0.0943,,0,,0,,0,
2024-08-08 00:27:00,0.0943,,0,,0,,0,
2024-08-08 00:27:10,0.222,,0,,0,,0,
2024-08-08 00:27:20,0.222,,0,,0,,0,
2024-08-08 00:27:30,0.222,,0,,0,,0,
2024-08-08 00:27:40,8.75,,0,,0,,0,
2024-08-08 00:27:50,8.75,,0,,0,,0,
2024-08-08 00:28:00,8.75,,0,,0,,0,
2024-08-08 00:28:10,117,,0,,0,,0,
2024-08-08 00:28:20,117,,0,,0,,0,
2024-08-08 00:28:30,117,,0,,0,,0,
2024-08-08 00:28:40,74.7,,0,,0,,0,
2024-08-08 00:28:50,74.7,,0,,0,,0,
2024-08-08 00:29:00,74.7,,0,,0,,0,
2024-08-08 00:29:10,61.9,,0,,0,,0,
2024-08-08 00:29:20,61.9,,0,,0,,0,
2024-08-08 00:29:30,61.9,,0,,0,,0,
2024-08-08 00:29:40,52.1,,0,,0,,0,
2024-08-08 00:29:50,52.1,,0,,0,,0,
2024-08-08 00:30:00,52.1,,0,,0,,0,
2024-08-08 00:30:10,47.2,,0,,0,,0,
2024-08-08 00:30:20,47.2,,0,,0,,0,
2024-08-08 00:30:30,47.2,,0,,0,,0,
2024-08-08 00:30:40,52.4,,0,,0,,0,
2024-08-08 00:30:50,52.4,,0,,0,,0,
2024-08-08 00:31:00,52.4,,0,,0,,0,
2024-08-08 00:31:10,51.8,,0,,0,,0,
2024-08-08 00:31:20,51.8,,0,,0,,0,
2024-08-08 00:31:30,51.8,,0,,0,,0,
2024-08-08 00:31:40,52.2,,0,,0,,0,
2024-08-08 00:31:50,52.2,,0,,0,,0,
2024-08-08 00:32:00,52.2,,0,,0,,0,
2024-08-08 00:32:10,52.0,,0,,0,,0,
2024-08-08 00:32:20,52.0,,0,,0,,0,
2024-08-08 00:32:30,52.0,,0,,0,,0,
2024-08-08 00:32:40,51.9,,0,,0,,0,
2024-08-08 00:32:50,51.9,,0,,0,,0,
2024-08-08 00:33:00,51.9,,0,,0,,0,
2024-08-08 00:33:10,51.9,,0,,0,,0,
2024-08-08 00:33:20,51.9,,0,,0,,0,
2024-08-08 00:33:30,51.9,,0,,0,,0,
2024-08-08 00:33:40,51.9,,0,,0,,0,
2024-08-08 00:33:50,51.9,,0,,0,,0,
2024-08-08 00:34:00,51.9,,0,,0,,0,
2024-08-08 00:34:10,52.1,,0,,0,,0,
2024-08-08 00:34:20,52.1,,0,,0,,0,
2024-08-08 00:34:30,52.1,,0,,0,,0,
2024-08-08 00:34:40,52.1,,0,,0,,0,
2024-08-08 00:34:50,52.1,,0,,0,,0,
2024-08-08 00:35:00,52.1,,0,,0,,0,
2024-08-08 00:35:10,52.2,,0,,0,,0,
2024-08-08 00:35:20,52.2,,0,,0,,0,
2024-08-08 00:35:30,52.2,,0,,0,,0,
2024-08-08 00:35:40,52.0,,0,,0,,0,
2024-08-08 00:35:50,52.0,,0,,0,,0,
2024-08-08 00:36:00,52.0,,0,,0,,0,
2024-08-08 00:36:10,51.9,,0,,0,,0,
2024-08-08 00:36:20,51.9,,0,,0,,0,
2024-08-08 00:36:30,51.9,,0,,0,,0,
2024-08-08 00:36:40,52.2,,0,,0,,0,
2024-08-08 00:36:50,52.2,,0,,0,,0,
2024-08-08 00:37:00,52.2,,0,,0,,0,
2024-08-08 00:37:10,51.9,,0,,0,,0,
2024-08-08 00:37:20,51.9,,0,,0,,0,
2024-08-08 00:37:30,51.9,,0,,0,,0,
2024-08-08 00:37:40,52.1,,0,,0,,0,
2024-08-08 00:37:50,52.1,,0,,0,,0,
2024-08-08 00:38:00,52.1,,0,,0,,0,
2024-08-08 00:38:10,51.9,,0,,0,,0,
2024-08-08 00:38:20,51.9,,0,,0,,0,
2024-08-08 00:38:30,51.9,,0,,0,,0,
2024-08-08 00:38:40,52.2,,0,,0,,0,
2024-08-08 00:38:50,52.2,,0,,0,,0,
2024-08-08 00:39:00,52.2,,0,,0,,0,
2024-08-08 00:39:10,52.6,,0,,0,,0,
2024-08-08 00:39:20,52.6,,0,,0,,0,
2024-08-08 00:39:30,52.6,,0,,0,,0,
2024-08-08 00:39:40,14.4,,0,,0,,0,
2024-08-08 00:39:50,14.4,,0,,0,,0,
2024-08-08 00:40:00,14.4,,0,,0,,0,
2024-08-08 00:40:10,0.116,,0,,0,,0,
2024-08-08 00:40:20,0.116,,0,,0,,0,
2024-08-08 00:40:30,0.116,,0,,0,,0,
2024-08-08 00:40:40,0.156,,0,,0,,0,
2024-08-08 00:40:50,0.156,,0,,0,,0,
2024-08-08 00:41:00,0.156,,0,,0,,0,
2024-08-08 00:41:10,0.0528,,0,,0,,0,
2024-08-08 00:41:20,0.0528,,0,,0,,0,
2024-08-08 00:41:30,0.0528,,0,,0,,0,
2024-08-08 00:41:40,0.163,,0,,0,,0,
2024-08-08 00:41:50,0.163,,0,,0,,0,
2024-08-08 00:42:00,0.163,,0,,0,,0,
2024-08-08 00:42:10,0.134,,0,,0,,0,
2024-08-08 00:42:20,0.134,,0,,0,,0,
2024-08-08 00:42:30,0.134,,0,,0,,0,
2024-08-08 00:42:40,105,,0,,0,,0,
2024-08-08 00:42:50,105,,0,,0,,0,
2024-08-08 00:43:00,105,,0,,0,,0,
2024-08-08 00:43:10,74.5,,0,,0,,0,
2024-08-08 00:43:20,74.5,,0,,0,,0,
2024-08-08 00:43:30,74.5,,0,,0,,0,
2024-08-08 00:43:40,68.0,,0,,0,,0,
2024-08-08 00:43:50,68.0,,0,,0,,0,
2024-08-08 00:44:00,68.0,,0,,0,,0,
2024-08-08 00:44:10,51.8,,0,,0,,0,
2024-08-08 00:44:20,51.8,,0,,0,,0,
2024-08-08 00:44:30,51.8,,0,,0,,0,
2024-08-08 00:44:40,52.4,,0,,0,,0,
2024-08-08 00:44:50,52.4,,0,,0,,0,
2024-08-08 00:45:00,52.4,,0,,0,,0,
2024-08-08 00:45:10,52.2,,0,,0,,0,
2024-08-08 00:45:20,52.2,,0,,0,,0,
2024-08-08 00:45:30,52.2,,0,,0,,0,
2024-08-08 00:45:40,52.3,,0,,0,,0,
2024-08-08 00:45:50,52.3,,0,,0,,0,
2024-08-08 00:46:00,52.3,,0,,0,,0,
2024-08-08 00:46:10,52.2,,0,,0,,0,
2024-08-08 00:46:20,52.2,,0,,0,,0,
2024-08-08 00:46:30,52.2,,0,,0,,0,
2024-08-08 00:46:40,52.2,,0,,0,,0,
2024-08-08 00:46:50,52.2,,0,,0,,0,
2024-08-08 00:47:00,52.2,,0,,0,,0,
2024-08-08 00:47:10,51.5,,0,,0,,0,
2024-08-08 00:47:20,51.5,,0,,0,,0,
2024-08-08 00:47:30,51.5,,0,,0,,0,
2024-08-08 00:47:40,52.2,,0,,0,,0,
2024-08-08 00:47:50,52.2,,0,,0,,0,
2024-08-08 00:48:00,52.2,,0,,0,,0,
2024-08-08 00:48:10,52.2,,0,,0,,0,
2024-08-08 00:48:20,52.2,,0,,0,,0,
2024-08-08 00:48:30,52.2,,0,,0,,0,
2024-08-08 00:48:40,52.2,,0,,0,,0,
2024-08-08 00:48:50,52.2,,0,,0,,0,
2024-08-08 00:49:00,52.2,,0,,0,,0,
2024-08-08 00:49:10,52.1,,0,,0,,0,
2024-08-08 00:49:20,52.1,,0,,0,,0,
2024-08-08 00:49:30,52.1,,0,,0,,0,
2024-08-08 00:49:40,52.2,,0,,0,,0,
2024-08-08 00:49:50,52.2,,0,,0,,0,
2024-08-08 00:50:00,52.2,,0,,0,,0,
2024-08-08 00:50:10,52.6,,0,,0,,0,
2024-08-08 00:50:20,52.6,,0,,0,,0,
2024-08-08 00:50:30,52.6,,0,,0,,0,
2024-08-08 00:50:40,52.2,,0,,0,,0,
2024-08-08 00:50:50,52.2,,0,,0,,0,
2024-08-08 00:51:00,52.2,,0,,0,,0,
2024-08-08 00:51:10,51.2,,0,,0,,0,
2024-08-08 00:51:20,51.2,,0,,0,,0,
2024-08-08 00:51:30,51.2,,0,,0,,0,
2024-08-08 00:51:40,52.0,,0,,0,,0,
2024-08-08 00:51:50,52.0,,0,,0,,0,
2024-08-08 00:52:00,52.0,,0,,0,,0,
2024-08-08 00:52:10,51.8,,0,,0,,0,
2024-08-08 00:52:20,51.8,,0,,0,,0,
2024-08-08 00:52:30,51.8,,0,,0,,0,
2024-08-08 00:52:40,51.8,,0,,0,,0,
2024-08-08 00:52:50,51.8,,0,,0,,0,
2024-08-08 00:53:00,51.8,,0,,0,,0,
2024-08-08 00:53:10,52.2,,0,,0,,0,
2024-08-08 00:53:20,52.2,,0,,0,,0,
2024-08-08 00:53:30,52.2,,0,,0,,0,
2024-08-08 00:53:40,52.1,,0,,0,,0,
2024-08-08 00:53:50,52.1,,0,,0,,0,
2024-08-08 00:54:00,52.1,,0,,0,,0,
2024-08-08 00:54:10,52.2,,0,,0,,0,
2024-08-08 00:54:20,52.2,,0,,0,,0,
2024-08-08 00:54:30,52.2,,0,,0,,0,
2024-08-08 00:54:40,52.2,,0,,0,,0,
2024-08-08 00:54:50,52.2,,0,,0,,0,
2024-08-08 00:55:00,52.2,,0,,0,,0,
2024-08-08 00:55:10,52.3,,0,,0,,0,
2024-08-08 00:55:20,52.3,,0,,0,,0,
2024-08-08 00:55:30,52.3,,0,,0,,0,
2024-08-08 00:55:40,52.3,,0,,0,,0,
2024-08-08 00:55:50,52.3,,0,,0,,0,
2024-08-08 00:56:00,52.3,,0,,0,,0,
2024-08-08 00:56:10,51.8,,0,,0,,0,
2024-08-08 00:56:20,51.8,,0,,0,,0,
2024-08-08 00:56:30,51.8,,0,,0,,0,
2024-08-08 00:56:40,6.00,,0,,0,,0,
2024-08-08 00:56:50,6.00,,0,,0,,0,
2024-08-08 00:57:00,6.00,,0,,0,,0,
2024-08-08 00:57:10,0.231,,0,,0,,0,
2024-08-08 00:57:20,0.231,,0,,0,,0,
2024-08-08 00:57:30,0.231,,0,,0,,0,
2024-08-08 00:57:40,0.221,,0,,0,,0,
2024-08-08 00:57:50,0.221,,0,,0,,0,
2024-08-08 00:58:00,0.221,,0,,0,,0,
2024-08-08 00:58:10,0.227,,0,,0,,0,
2024-08-08 00:58:20,0.227,,0,,0,,0,
2024-08-08 00:58:30,0.227,,0,,0,,0,
2024-08-08 00:58:40,0.252,,0,,0,,0,
2024-08-08 00:58:50,0.252,,0,,0,,0,
2024-08-08 00:59:00,0.252,,0,,0,,0,
2024-08-08 00:59:10,0.242,,0,,0,,0,
2024-08-08 00:59:20,0.242,,0,,0,,0,
2024-08-08 00:59:30,0.242,,0,,0,,0,
2024-08-08 00:59:40,118,,0,,0,,0,
2024-08-08 00:59:50,118,,0,,0,,0,
2024-08-08 01:00:00,118,,0,,0,,0,
2024-08-08 01:00:10,74.8,,0,,0,,0,
2024-08-08 01:00:20,74.8,,0,,0,,0,
2024-08-08 01:00:30,74.8,,0,,0,,0,
2024-08-08 01:00:40,63.8,,0,,0,,0,
2024-08-08 01:00:50,63.8,,0,,0,,0,
2024-08-08 01:01:00,63.8,,0,,0,,0,
2024-08-08 01:01:10,51.5,,0,,0,,0,
2024-08-08 01:01:20,51.5,,0,,0,,0,
2024-08-08 01:01:30,51.5,,0,,0,,0,
2024-08-08 01:01:40,52.0,,0,,0,,0,
2024-08-08 01:01:50,52.0,,0,,0,,0,
2024-08-08 01:02:00,52.0,,0,,0,,0,
2024-08-08 01:02:10,51.9,,0,,0,,0,
2024-08-08 01:02:20,51.9,,0,,0,,0,
2024-08-08 01:02:30,51.9,,0,,0,,0,
2024-08-08 01:02:40,52.1,,0,,0,,0,
2024-08-08 01:02:50,52.1,,0,,0,,0,
2024-08-08 01:03:00,52.1,,0,,0,,0,
2024-08-08 01:03:10,52.2,,0,,0,,0,
2024-08-08 01:03:20,52.2,,0,,0,,0,
2024-08-08 01:03:30,52.2,,0,,0,,0,
2024-08-08 01:03:40,52.1,,0,,0,,0,
2024-08-08 01:03:50,52.1,,0,,0,,0,
2024-08-08 01:04:00,52.1,,0,,0,,0,
2024-08-08 01:04:10,52.0,,0,,0,,0,
2024-08-08 01:04:20,52.0,,0,,0,,0,
2024-08-08 01:04:30,52.0,,0,,0,,0,
2024-08-08 01:04:40,51.8,,0,,0,,0,
2024-08-08 01:04:50,51.8,,0,,0,,0,
2024-08-08 01:05:00,51.8,,0,,0,,0,
2024-08-08 01:05:10,52.1,,0,,0,,0,
2024-08-08 01:05:20,52.1,,0,,0,,0,
2024-08-08 01:05:30,52.1,,0,,0,,0,
2024-08-08 01:05:40,52.1,,0,,0,,0,
2024-08-08 01:05:50,52.1,,0,,0,,0,
2024-08-08 01:06:00,52.1,,0,,0,,0,
2024-08-08 01:06:10,51.7,,0,,0,,0,
2024-08-08 01:06:20,51.7,,0,,0,,0,
2024-08-08 01:06:30,51.7,,0,,0,,0,
2024-08-08 01:06:40,52.0,,0,,0,,0,
2024-08-08 01:06:50,52.0,,0,,0,,0,
2024-08-08 01:07:00,52.0,,0,,0,,0,
2024-08-08 01:07:10,51.6,,0,,0,,0,
2024-08-08 01:07:20,51.6,,0,,0,,0,
2024-08-08 01:07:30,51.6,,0,,0,,0,
2024-08-08 01:07:40,52.3,,0,,0,,0,
2024-08-08 01:07:50,52.3,,0,,0,,0,
2024-08-08 01:08:00,52.3,,0,,0,,0,
2024-08-08 01:08:10,52.1,,0,,0,,0,
2024-08-08 01:08:20,52.1,,0,,0,,0,
2024-08-08 01:08:30,52.1,,0,,0,,0,
2024-08-08 01:08:40,52.3,,0,,0,,0,
2024-08-08 01:08:50,52.3,,0,,0,,0,
2024-08-08 01:09:00,52.3,,0,,0,,0,
2024-08-08 01:09:10,52.1,,0,,0,,0,
2024-08-08 01:09:20,52.1,,0,,0,,0,
2024-08-08 01:09:30,52.1,,0,,0,,0,
2024-08-08 01:09:40,52.2,,0,,0,,0,
2024-08-08 01:09:50,52.2,,0,,0,,0,
2024-08-08 01:10:00,52.2,,0,,0,,0,
2024-08-08 01:10:10,51.9,,0,,0,,0,
2024-08-08 01:10:20,51.9,,0,,0,,0,
2024-08-08 01:10:30,51.9,,0,,0,,0,
2024-08-08 01:10:40,52.0,,0,,0,,0,
2024-08-08 01:10:50,52.0,,0,,0,,0,
2024-08-08 01:11:00,52.0,,0,,0,,0,
2024-08-08 01:11:10,51.8,,0,,0,,0,
2024-08-08 01:11:20,51.8,,0,,0,,0,
2024-08-08 01:11:30,51.8,,0,,0,,0,
2024-08-08 01:11:40,52.1,,0,,0,,0,
2024-08-08 01:11:50,52.1,,0,,0,,0,
2024-08-08 01:12:00,52.1,,0,,0,,0,
2024-08-08 01:12:10,52.3,,0,,0,,0,
2024-08-08 01:12:20,52.3,,0,,0,,0,
2024-08-08 01:12:30,52.3,,0,,0,,0,
2024-08-08 01:12:40,52.5,,0,,0,,0,
2024-08-08 01:12:50,52.5,,0,,0,,0,
2024-08-08 01:13:00,52.5,,0,,0,,0,
2024-08-08 01:13:10,52.0,,0,,0,,0,
2024-08-08 01:13:20,52.0,,0,,0,,0,
2024-08-08 01:13:30,52.0,,0,,0,,0,
2024-08-08 01:13:40,52.0,,0,,0,,0,
2024-08-08 01:13:50,52.0,,0,,0,,0,
2024-08-08 01:14:00,52.0,,0,,0,,0,
2024-08-08 01:14:10,52.1,,0,,0,,0,
2024-08-08 01:14:20,52.1,,0,,0,,0,
2024-08-08 01:14:30,52.1,,0,,0,,0,
2024-08-08 01:14:40,52.4,,0,,0,,0,
2024-08-08 01:14:50,52.4,,0,,0,,0,
2024-08-08 01:15:00,52.4,,0,,0,,0,
2024-08-08 01:15:10,52.2,,0,,0,,0,
2024-08-08 01:15:20,52.2,,0,,0,,0,
2024-08-08 01:15:30,52.2,,0,,0,,0,
2024-08-08 01:15:40,34.7,,0,,0,,0,
2024-08-08 01:15:50,34.7,,0,,0,,0,
2024-08-08 01:16:00,34.7,,0,,0,,0,
2024-08-08 01:16:10,0.235,,0,,0,,0,
2024-08-08 01:16:20,0.235,,0,,0,,0,
2024-08-08 01:16:30,0.235,,0,,0,,0,
2024-08-08 01:16:40,0.225,,0,,0,,0,
2024-08-08 01:16:50,0.225,,0,,0,,0,
2024-08-08 01:17:00,0.225,,0,,0,,0,
2024-08-08 01:17:10,0.226,,0,,0,,0,
2024-08-08 01:17:20,0.226,,0,,0,,0,
2024-08-08 01:17:30,0.226,,0,,0,,0,
2024-08-08 01:17:40,0.199,,0,,0,,0,
2024-08-08 01:17:50,0.199,,0,,0,,0,
2024-08-08 01:18:00,0.199,,0,,0,,0,
2024-08-08 01:18:10,0.262,,0,,0,,0,
2024-08-08 01:18:20,0.262,,0,,0,,0,
2024-08-08 01:18:30,0.262,,0,,0,,0,
2024-08-08 01:18:40,53.2,,0,,0,,0,
2024-08-08 01:18:50,53.2,,0,,0,,0,
2024-08-08 01:19:00,53.2,,0,,0,,0,
2024-08-08 01:19:10,97.9,,0,,0,,0,
2024-08-08 01:19:20,97.9,,0,,0,,0,
2024-08-08 01:19:30,97.9,,0,,0,,0,
2024-08-08 01:19:40,74.7,,0,,0,,0,
2024-08-08 01:19:50,74.7,,0,,0,,0,
2024-08-08 01:20:00,74.7,,0,,0,,0,
2024-08-08 01:20:10,54.1,,0,,0,,0,
2024-08-08 01:20:20,54.1,,0,,0,,0,
2024-08-08 01:20:30,54.1,,0,,0,,0,
2024-08-08 01:20:40,52.2,,0,,0,,0,
2024-08-08 01:20:50,52.2,,0,,0,,0,
2024-08-08 01:21:00,52.2,,0,,0,,0,
2024-08-08 01:21:10,51.8,,0,,0,,0,
2024-08-08 01:21:20,51.8,,0,,0,,0,
2024-08-08 01:21:30,51.8,,0,,0,,0,
2024-08-08 01:21:40,52.1,,0,,0,,0,
2024-08-08 01:21:50,52.1,,0,,0,,0,
2024-08-08 01:22:00,52.1,,0,,0,,0,
2024-08-08 01:22:10,51.9,,0,,0,,0,
2024-08-08 01:22:20,51.9,,0,,0,,0,
2024-08-08 01:22:30,51.9,,0,,0,,0,
2024-08-08 01:22:40,52.2,,0,,0,,0,
2024-08-08 01:22:50,52.2,,0,,0,,0,
2024-08-08 01:23:00,52.2,,0,,0,,0,
2024-08-08 01:23:10,52.2,,0,,0,,0,
2024-08-08 01:23:20,52.2,,0,,0,,0,
2024-08-08 01:23:30,52.2,,0,,0,,0,
2024-08-08 01:23:40,52.2,,0,,0,,0,
2024-08-08 01:23:50,52.2,,0,,0,,0,
2024-08-08 01:24:00,52.2,,0,,0,,0,
2024-08-08 01:24:10,52.0,,0,,0,,0,
2024-08-08 01:24:20,52.0,,0,,0,,0,
2024-08-08 01:24:30,52.0,,0,,0,,0,
2024-08-08 01:24:40,52.2,,0,,0,,0,
2024-08-08 01:24:50,52.2,,0,,0,,0,
2024-08-08 01:25:00,52.2,,0,,0,,0,
2024-08-08 01:25:10,52.3,,0,,0,,0,
2024-08-08 01:25:20,52.3,,0,,0,,0,
2024-08-08 01:25:30,52.3,,0,,0,,0,
2024-08-08 01:25:40,52.2,,0,,0,,0,
2024-08-08 01:25:50,52.2,,0,,0,,0,
2024-08-08 01:26:00,52.2,,0,,0,,0,
2024-08-08 01:26:10,51.5,,0,,0,,0,
2024-08-08 01:26:20,51.5,,0,,0,,0,
2024-08-08 01:26:30,51.5,,0,,0,,0,
2024-08-08 01:26:40,52.1,,0,,0,,0,
2024-08-08 01:26:50,52.1,,0,,0,,0,
2024-08-08 01:27:00,52.1,,0,,0,,0,
2024-08-08 01:27:10,51.5,,0,,0,,0,
2024-08-08 01:27:20,51.5,,0,,0,,0,
2024-08-08 01:27:30,51.5,,0,,0,,0,
2024-08-08 01:27:40,51.8,,0,,0,,0,
2024-08-08 01:27:50,51.8,,0,,0,,0,
2024-08-08 01:28:00,51.8,,0,,0,,0,
2024-08-08 01:28:10,52.1,,0,,8.75,,0,
2024-08-08 01:28:20,52.1,,0,,8.75,,0,
2024-08-08 01:28:30,52.1,,0,,8.75,,0,
2024-08-08 01:28:40,52.1,,0,,0,,0,
2024-08-08 01:28:50,52.1,,0,,0,,0,
2024-08-08 01:29:00,52.1,,0,,0,,0,
2024-08-08 01:29:10,52.2,,0,,0,,0,
2024-08-08 01:29:20,52.2,,0,,0,,0,
2024-08-08 01:29:30,52.2,,0,,0,,0,
2024-08-08 01:29:40,52.2,,0,,0,,0,
2024-08-08 01:29:50,52.2,,0,,0,,0,
2024-08-08 01:30:00,52.2,,0,,0,,0,
2024-08-08 01:30:10,52.2,,0,,0,,0,
2024-08-08 01:30:20,52.2,,0,,0,,0,
2024-08-08 01:30:30,52.2,,0,,0,,0,
2024-08-08 01:30:40,51.8,,0,,0,,0,
2024-08-08 01:30:50,51.8,,0,,0,,0,
2024-08-08 01:31:00,51.8,,0,,0,,0,
2024-08-08 01:31:10,51.6,,0,,0,,0,
2024-08-08 01:31:20,51.6,,0,,0,,0,
2024-08-08 01:31:30,51.6,,0,,0,,0,
2024-08-08 01:31:40,52.3,,0,,0,,0,
2024-08-08 01:31:50,52.3,,0,,0,,0,
2024-08-08 01:32:00,52.3,,0,,0,,0,
2024-08-08 01:32:10,51.6,,0,,0,,0,
2024-08-08 01:32:20,51.6,,0,,0,,0,
2024-08-08 01:32:30,51.6,,0,,0,,0,
2024-08-08 01:32:40,52.4,,0,,0,,0,
2024-08-08 01:32:50,52.4,,0,,0,,0,
2024-08-08 01:33:00,52.4,,0,,0,,0,
2024-08-08 01:33:10,52.2,,0,,0,,0,
2024-08-08 01:33:20,52.2,,0,,0,,0,
2024-08-08 01:33:30,52.2,,0,,0,,0,
2024-08-08 01:33:40,52.4,,0,,0,,0,
2024-08-08 01:33:50,52.4,,0,,0,,0,
2024-08-08 01:34:00,52.4,,0,,0,,0,
2024-08-08 01:34:10,52.2,,0,,0,,0,
2024-08-08 01:34:20,52.2,,0,,0,,0,
2024-08-08 01:34:30,52.2,,0,,0,,0,
2024-08-08 01:34:40,52.1,,0,,0,,0,
2024-08-08 01:34:50,52.1,,0,,0,,0,
2024-08-08 01:35:00,52.1,,0,,0,,0,
2024-08-08 01:35:10,52.2,,0,,0,,0,
2024-08-08 01:35:20,52.2,,0,,0,,0,
2024-08-08 01:35:30,52.2,,0,,0,,0,
2024-08-08 01:35:40,52.0,,0,,0,,0,
2024-08-08 01:35:50,52.0,,0,,0,,0,
2024-08-08 01:36:00,52.0,,0,,0,,0,
2024-08-08 01:36:10,51.9,,0,,0,,0,
2024-08-08 01:36:20,51.9,,0,,0,,0,
2024-08-08 01:36:30,51.9,,0,,0,,0,
2024-08-08 01:36:40,52.1,,0,,0,,0,
2024-08-08 01:36:50,52.1,,0,,0,,0,
2024-08-08 01:37:00,52.1,,0,,0,,0,
2024-08-08 01:37:10,48.9,,0,,0,,0,
2024-08-08 01:37:20,48.9,,0,,0,,0,
2024-08-08 01:37:30,48.9,,0,,0,,0,
2024-08-08 01:37:40,0.124,,0,,0,,0,
2024-08-08 01:37:50,0.124,,0,,0,,0,
2024-08-08 01:38:00,0.124,,0,,0,,0,
2024-08-08 01:38:10,0.259,,0,,0,,0,
2024-08-08 01:38:20,0.259,,0,,0,,0,
2024-08-08 01:38:30,0.259,,0,,0,,0,
2024-08-08 01:38:40,0.127,,0,,0,,0,
2024-08-08 01:38:50,0.127,,0,,0,,0,
2024-08-08 01:39:00,0.127,,0,,0,,0,
2024-08-08 01:39:10,0.150,,0,,0,,0,
2024-08-08 01:39:20,0.150,,0,,0,,0,
2024-08-08 01:39:30,0.150,,0,,0,,0,
2024-08-08 01:39:40,0.210,,0,,0,,0,
2024-08-08 01:39:50,0.210,,0,,0,,0,
2024-08-08 01:40:00,0.210,,0,,0,,0,
2024-08-08 01:40:10,8.94,,0,,0,,0,
2024-08-08 01:40:20,8.94,,0,,0,,0,
2024-08-08 01:40:30,8.94,,0,,0,,0,
2024-08-08 01:40:40,121,,0,,0,,0,
2024-08-08 01:40:50,121,,0,,0,,0,
2024-08-08 01:41:00,121,,0,,0,,0,
2024-08-08 01:41:10,74.0,,0,,0,,0,
2024-08-08 01:41:20,74.0,,0,,0,,0,
2024-08-08 01:41:30,74.0,,0,,0,,0,
2024-08-08 01:41:40,61.4,,0,,0,,0,
2024-08-08 01:41:50,61.4,,0,,0,,0,
2024-08-08 01:42:00,61.4,,0,,0,,0,
2024-08-08 01:42:10,52.1,,0,,0,,0,
2024-08-08 01:42:20,52.1,,0,,0,,0,
2024-08-08 01:42:30,52.1,,0,,0,,0,
2024-08-08 01:42:40,52.3,,0,,0,,0,
2024-08-08 01:42:50,52.3,,0,,0,,0,
2024-08-08 01:43:00,52.3,,0,,0,,0,
2024-08-08 01:43:10,52.1,,0,,0,,0,
2024-08-08 01:43:20,52.1,,0,,0,,0,
2024-08-08 01:43:30,52.1,,0,,0,,0,
2024-08-08 01:43:40,52.4,,0,,0,,0,
2024-08-08 01:43:50,52.4,,0,,0,,0,
2024-08-08 01:44:00,52.4,,0,,0,,0,
2024-08-08 01:44:10,47.0,,0,,0,,0,
2024-08-08 01:44:20,47.0,,0,,0,,0,
2024-08-08 01:44:30,47.0,,0,,0,,0,
2024-08-08 01:44:40,52.0,,0,,0,,0,
2024-08-08 01:44:50,52.0,,0,,0,,0,
2024-08-08 01:45:00,52.0,,0,,0,,0,
2024-08-08 01:45:10,52.2,,0,,0,,0,
2024-08-08 01:45:20,52.2,,0,,0,,0,
2024-08-08 01:45:30,52.2,,0,,0,,0,
2024-08-08 01:45:40,52.1,,0,,0,,0,
2024-08-08 01:45:50,52.1,,0,,0,,0,
2024-08-08 01:46:00,52.1,,0,,0,,0,
2024-08-08 01:46:10,51.5,,0,,0,,0,
2024-08-08 01:46:20,51.5,,0,,0,,0,
2024-08-08 01:46:30,51.5,,0,,0,,0,
2024-08-08 01:46:40,51.9,,0,,0,,0,
2024-08-08 01:46:50,51.9,,0,,0,,0,
2024-08-08 01:47:00,51.9,,0,,0,,0,
2024-08-08 01:47:10,51.7,,0,,0,,0,
2024-08-08 01:47:20,51.7,,0,,0,,0,
2024-08-08 01:47:30,51.7,,0,,0,,0,
2024-08-08 01:47:40,52.3,,0,,0,,0,
2024-08-08 01:47:50,52.3,,0,,0,,0,
2024-08-08 01:48:00,52.3,,0,,0,,0,
2024-08-08 01:48:10,52.0,,0,,0,,0,
2024-08-08 01:48:20,52.0,,0,,0,,0,
2024-08-08 01:48:30,52.0,,0,,0,,0,
2024-08-08 01:48:40,52.1,,0,,0,,0,
2024-08-08 01:48:50,52.1,,0,,0,,0,
2024-08-08 01:49:00,52.1,,0,,0,,0,
2024-08-08 01:49:10,52.3,,0,,0,,0,
2024-08-08 01:49:20,52.3,,0,,0,,0,
2024-08-08 01:49:30,52.3,,0,,0,,0,
2024-08-08 01:49:40,52.3,,0,,0,,0,
2024-08-08 01:49:50,52.3,,0,,0,,0,
2024-08-08 01:50:00,52.3,,0,,0,,0,
2024-08-08 01:50:10,52.2,,0,,0,,0,
2024-08-08 01:50:20,52.2,,0,,0,,0,
2024-08-08 01:50:30,52.2,,0,,0,,0,
2024-08-08 01:50:40,51.4,,0,,0,,0,
2024-08-08 01:50:50,51.4,,0,,0,,0,
2024-08-08 01:51:00,51.4,,0,,0,,0,
2024-08-08 01:51:10,52.2,,0,,0,,0,
2024-08-08 01:51:20,52.2,,0,,0,,0,
2024-08-08 01:51:30,52.2,,0,,0,,0,
2024-08-08 01:51:40,52.1,,0,,0,,0,
2024-08-08 01:51:50,52.1,,0,,0,,0,
2024-08-08 01:52:00,52.1,,0,,0,,0,
2024-08-08 01:52:10,51.9,,0,,0,,0,
2024-08-08 01:52:20,51.9,,0,,0,,0,
2024-08-08 01:52:30,51.9,,0,,0,,0,
2024-08-08 01:52:40,52.0,,0,,0,,0,
2024-08-08 01:52:50,52.0,,0,,0,,0,
2024-08-08 01:53:00,52.0,,0,,0,,0,
2024-08-08 01:53:10,51.9,,0,,0,,0,
2024-08-08 01:53:20,51.9,,0,,0,,0,
2024-08-08 01:53:30,51.9,,0,,0,,0,
2024-08-08 01:53:40,52.0,,0,,0,,0,
2024-08-08 01:53:50,52.0,,0,,0,,0,
2024-08-08 01:54:00,52.0,,0,,0,,0,
2024-08-08 01:54:10,52.3,,0,,0,,0,
2024-08-08 01:54:20,52.3,,0,,0,,0,
2024-08-08 01:54:30,52.3,,0,,0,,0,
2024-08-08 01:54:40,52.2,,0,,0,,0,
2024-08-08 01:54:50,52.2,,0,,0,,0,
2024-08-08 01:55:00,52.2,,0,,0,,0,
2024-08-08 01:55:10,52.3,,0,,0,,0,
2024-08-08 01:55:20,52.3,,0,,0,,0,
2024-08-08 01:55:30,52.3,,0,,0,,0,
2024-08-08 01:55:40,52.0,,0,,0,,0,
2024-08-08 01:55:50,52.0,,0,,0,,0,
2024-08-08 01:56:00,52.0,,0,,0,,0,
2024-08-08 01:56:10,51.6,,0,,0,,0,
2024-08-08 01:56:20,51.6,,0,,0,,0,
2024-08-08 01:56:30,51.6,,0,,0,,0,
2024-08-08 01:56:40,52.0,,0,,0,,0,
2024-08-08 01:56:50,52.0,,0,,0,,0,
2024-08-08 01:57:00,52.0,,0,,0,,0,
2024-08-08 01:57:10,52.2,,0,,0,,0,
2024-08-08 01:57:20,52.2,,0,,0,,0,
2024-08-08 01:57:30,52.2,,0,,0,,0,
2024-08-08 01:57:40,51.9,,0,,0,,0,
2024-08-08 01:57:50,51.9,,0,,0,,0,
2024-08-08 01:58:00,51.9,,0,,0,,0,
2024-08-08 01:58:10,51.8,,0,,0,,0,
2024-08-08 01:58:20,51.8,,0,,0,,0,
2024-08-08 01:58:30,51.8,,0,,0,,0,
2024-08-08 01:58:40,52.4,,0,,0,,0,
2024-08-08 01:58:50,52.4,,0,,0,,0,
2024-08-08 01:59:00,52.4,,0,,0,,0,
2024-08-08 01:59:10,52.4,,0,,0,,0,
2024-08-08 01:59:20,52.4,,0,,0,,0,
2024-08-08 01:59:30,52.4,,0,,0,,0,
2024-08-08 01:59:40,52.4,,0,,0,,0,
2024-08-08 01:59:50,52.4,,0,,0,,0,
2024-08-08 02:00:00,52.4,,0,,0,,0,
2024-08-08 02:00:10,52.1,,0,,0,,0,
2024-08-08 02:00:20,52.1,,0,,0,,0,
2024-08-08 02:00:30,52.1,,0,,0,,0,
2024-08-08 02:00:40,52.1,,0,,0,,0,
2024-08-08 02:00:50,52.1,,0,,0,,0,
2024-08-08 02:01:00,52.1,,0,,0,,0,
2024-08-08 02:01:10,49.6,,0,,0,,0,
2024-08-08 02:01:20,49.6,,0,,0,,0,
2024-08-08 02:01:30,49.6,,0,,0,,0,
2024-08-08 02:01:40,0.156,,0,,0,,0,
2024-08-08 02:01:50,0.156,,0,,0,,0,
2024-08-08 02:02:00,0.156,,0,,0,,0,
2024-08-08 02:02:10,0.0482,,0,,0,,0,
2024-08-08 02:02:20,0.0482,,0,,0,,0,
2024-08-08 02:02:30,0.0482,,0,,0,,0,
2024-08-08 02:02:40,0,,0,,0,,0,
2024-08-08 02:02:50,0,,0,,0,,0,
2024-08-08 02:03:00,0,,0,,0,,0,
2024-08-08 02:03:10,0.208,,0,,0,,0,
2024-08-08 02:03:20,0.208,,0,,0,,0,
2024-08-08 02:03:30,0.208,,0,,0,,0,
2024-08-08 02:03:40,0.188,,0,,0,,0,
2024-08-08 02:03:50,0.188,,0,,0,,0,
2024-08-08 02:04:00,0.188,,0,,0,,0,
2024-08-08 02:04:10,6.83,,0,,0,,0,
2024-08-08 02:04:20,6.83,,0,,0,,0,
2024-08-08 02:04:30,6.83,,0,,0,,0,
2024-08-08 02:04:40,122,,0,,0,,0,
2024-08-08 02:04:50,122,,0,,0,,0,
2024-08-08 02:05:00,122,,0,,0,,0,
2024-08-08 02:05:10,74.9,,0,,0,,0,
2024-08-08 02:05:20,74.9,,0,,0,,0,
2024-08-08 02:05:30,74.9,,0,,0,,0,
2024-08-08 02:05:40,61.1,,0,,0,,0,
2024-08-08 02:05:50,61.1,,0,,0,,0,
2024-08-08 02:06:00,61.1,,0,,0,,0,
2024-08-08 02:06:10,50.9,,0,,0,,0,
2024-08-08 02:06:20,50.9,,0,,0,,0,
2024-08-08 02:06:30,50.9,,0,,0,,0,
2024-08-08 02:06:40,52.4,,0,,0,,0,
2024-08-08 02:06:50,52.4,,0,,0,,0,
2024-08-08 02:07:00,52.4,,0,,0,,0,
2024-08-08 02:07:10,52.1,,0,,0,,0,
2024-08-08 02:07:20,52.1,,0,,0,,0,
2024-08-08 02:07:30,52.1,,0,,0,,0,
2024-08-08 02:07:40,52.0,,0,,0,,0,
2024-08-08 02:07:50,52.0,,0,,0,,0,
2024-08-08 02:08:00,52.0,,0,,0,,0,
2024-08-08 02:08:10,52.3,,0,,0,,0,
2024-08-08 02:08:20,52.3,,0,,0,,0,
2024-08-08 02:08:30,52.3,,0,,0,,0,
2024-08-08 02:08:40,52.0,,0,,0,,0,
2024-08-08 02:08:50,52.0,,0,,0,,0,
2024-08-08 02:09:00,52.0,,0,,0,,0,
2024-08-08 02:09:10,52.2,,0,,0,,0,
2024-08-08 02:09:20,52.2,,0,,0,,0,
2024-08-08 02:09:30,52.2,,0,,0,,0,
2024-08-08 02:09:40,52.1,,0,,0,,0,
2024-08-08 02:09:50,52.1,,0,,0,,0,
2024-08-08 02:10:00,52.1,,0,,0,,0,
2024-08-08 02:10:10,51.8,,0,,0,,0,
2024-08-08 02:10:20,51.8,,0,,0,,0,
2024-08-08 02:10:30,51.8,,0,,0,,0,
2024-08-08 02:10:40,52.0,,0,,0,,0,
2024-08-08 02:10:50,52.0,,0,,0,,0,
2024-08-08 02:11:00,52.0,,0,,0,,0,
2024-08-08 02:11:10,51.8,,0,,0,,0,
2024-08-08 02:11:20,51.8,,0,,0,,0,
2024-08-08 02:11:30,51.8,,0,,0,,0,
2024-08-08 02:11:40,51.9,,0,,0,,0,
2024-08-08 02:11:50,51.9,,0,,0,,0,
2024-08-08 02:12:00,51.9,,0,,0,,0,
2024-08-08 02:12:10,52.0,,0,,0,,0,
2024-08-08 02:12:20,52.0,,0,,0,,0,
2024-08-08 02:12:30,52.0,,0,,0,,0,
2024-08-08 02:12:40,52.0,,0,,0,,0,
2024-08-08 02:12:50,52.0,,0,,0,,0,
2024-08-08 02:13:00,52.0,,0,,0,,0,
2024-08-08 02:13:10,51.7,,0,,0,,0,
2024-08-08 02:13:20,51.7,,0,,0,,0,
2024-08-08 02:13:30,51.7,,0,,0,,0,
2024-08-08 02:13:40,52.1,,0,,0,,0,
2024-08-08 02:13:50,52.1,,0,,0,,0,
2024-08-08 02:14:00,52.1,,0,,0,,0,
2024-08-08 02:14:10,51.9,,0,,0,,0,
2024-08-08 02:14:20,51.9,,0,,0,,0,
2024-08-08 02:14:30,51.9,,0,,0,,0,
2024-08-08 02:14:40,52.1,,0,,0,,0,
2024-08-08 02:14:50,52.1,,0,,0,,0,
2024-08-08 02:15:00,52.1,,0,,0,,0,
2024-08-08 02:15:10,52.1,,0,,0,,0,
2024-08-08 02:15:20,52.1,,0,,0,,0,
2024-08-08 02:15:30,52.1,,0,,0,,0,
2024-08-08 02:15:40,52.2,,0,,0,,0,
2024-08-08 02:15:50,52.2,,0,,0,,0,
2024-08-08 02:16:00,52.2,,0,,0,,0,
2024-08-08 02:16:10,51.1,,0,,0,,0,
2024-08-08 02:16:20,51.1,,0,,0,,0,
2024-08-08 02:16:30,51.1,,0,,0,,0,
2024-08-08 02:16:40,52.0,,0,,0,,0,
2024-08-08 02:16:50,52.0,,0,,0,,0,
2024-08-08 02:17:00,52.0,,0,,0,,0,
2024-08-08 02:17:10,52.1,,0,,0,,0,
2024-08-08 02:17:20,52.1,,0,,0,,0,
2024-08-08 02:17:30,52.1,,0,,0,,0,
2024-08-08 02:17:40,52.2,,0,,0,,0,
2024-08-08 02:17:50,52.2,,0,,0,,0,
2024-08-08 02:18:00,52.2,,0,,0,,0,
2024-08-08 02:18:10,52.1,,0,,0,,0,
2024-08-08 02:18:20,52.1,,0,,0,,0,
2024-08-08 02:18:30,52.1,,0,,0,,0,
2024-08-08 02:18:40,51.8,,0,,0,,0,
2024-08-08 02:18:50,51.8,,0,,0,,0,
2024-08-08 02:19:00,51.8,,0,,0,,0,
2024-08-08 02:19:10,52.0,,0,,0,,0,
2024-08-08 02:19:20,52.0,,0,,0,,0,
2024-08-08 02:19:30,52.0,,0,,0,,0,
2024-08-08 02:19:40,52.1,,0,,0,,0,
2024-08-08 02:19:50,52.1,,0,,0,,0,
2024-08-08 02:20:00,52.1,,0,,0,,0,
2024-08-08 02:20:10,51.6,,0,,0,,0,
2024-08-08 02:20:20,51.6,,0,,0,,0,
2024-08-08 02:20:30,51.6,,0,,0,,0,
2024-08-08 02:20:40,52.1,,0,,0,,0,
2024-08-08 02:20:50,52.1,,0,,0,,0,
2024-08-08 02:21:00,52.1,,0,,0,,0,
2024-08-08 02:21:10,51.3,,0,,0,,0,
2024-08-08 02:21:20,51.3,,0,,0,,0,
2024-08-08 02:21:30,51.3,,0,,0,,0,
2024-08-08 02:21:40,51.9,,0,,0,,0,
2024-08-08 02:21:50,51.9,,0,,0,,0,
2024-08-08 02:22:00,51.9,,0,,0,,0,
2024-08-08 02:22:10,51.8,,0,,0,,0,
2024-08-08 02:22:20,51.8,,0,,0,,0,
2024-08-08 02:22:30,51.8,,0,,0,,0,
2024-08-08 02:22:40,52.1,,0,,0,,0,
2024-08-08 02:22:50,52.1,,0,,0,,0,
2024-08-08 02:23:00,52.1,,0,,0,,0,
2024-08-08 02:23:10,51.9,,0,,0,,0,
2024-08-08 02:23:20,51.9,,0,,0,,0,
2024-08-08 02:23:30,51.9,,0,,0,,0,
2024-08-08 02:23:40,51.9,,0,,0,,0,
2024-08-08 02:23:50,51.9,,0,,0,,0,
2024-08-08 02:24:00,51.9,,0,,0,,0,
2024-08-08 02:24:10,52.0,,0,,0,,0,
2024-08-08 02:24:20,52.0,,0,,0,,0,
2024-08-08 02:24:30,52.0,,0,,0,,0,
2024-08-08 02:24:40,52.0,,0,,0,,0,
2024-08-08 02:24:50,52.0,,0,,0,,0,
2024-08-08 02:25:00,52.0,,0,,0,,0,
2024-08-08 02:25:10,52.1,,0,,0,,0,
2024-08-08 02:25:20,52.1,,0,,0,,0,
2024-08-08 02:25:30,52.1,,0,,0,,0,
2024-08-08 02:25:40,52.1,,0,,0,,0,
2024-08-08 02:25:50,52.1,,0,,0,,0,
2024-08-08 02:26:00,52.1,,0,,0,,0,
2024-08-08 02:26:10,51.4,,0,,0,,0,
2024-08-08 02:26:20,51.4,,0,,0,,0,
2024-08-08 02:26:30,51.4,,0,,0,,0,
2024-08-08 02:26:40,52.0,,0,,0,,0,
2024-08-08 02:26:50,52.0,,0,,0,,0,
2024-08-08 02:27:00,52.0,,0,,0,,0,
2024-08-08 02:27:10,52.1,,0,,0,,0,
2024-08-08 02:27:20,52.1,,0,,0,,0,
2024-08-08 02:27:30,52.1,,0,,0,,0,
2024-08-08 02:27:40,38.7,,0,,0,,0,
2024-08-08 02:27:50,38.7,,0,,0,,0,
2024-08-08 02:28:00,38.7,,0,,0,,0,
2024-08-08 02:28:10,0,,0,,0,,0,
2024-08-08 02:28:20,0,,0,,0,,0,
2024-08-08 02:28:30,0,,0,,0,,0,
2024-08-08 02:28:40,0,,0,,0,,0,
2024-08-08 02:28:50,0,,0,,0,,0,
2024-08-08 02:29:00,0,,0,,0,,0,
2024-08-08 02:29:10,0,,0,,0,,0,
2024-08-08 02:29:20,0,,0,,0,,0,
2024-08-08 02:29:30,0,,0,,0,,0,
2024-08-08 02:29:40,0,,0,,0,,0,
2024-08-08 02:29:50,0,,0,,0,,0,
2024-08-08 02:30:00,0,,0,,0,,0,
2024-08-08 02:30:10,0,,0,,0,,0,
2024-08-08 02:30:20,0,,0,,0,,0,